0,1,2,3,4,5,6,7
-0.5410367,-0.23183316,-0.96424866,0.19074968,-0.0926564,-0.52596724,-0.44870138,-0.4187463
0.55029917,0.11808047,0.7947905,0.438523,0.89666915,0.7387051,0.34965453,-0.3274438
0.98300177,0.31982017,-0.06372854,0.5886534,-0.3590525,-0.7417389,0.48177236,0.47183084
-0.35442054,-0.21335536,-0.6493732,0.642835,-0.69836456,0.18069187,-0.43033406,-0.47821003
-0.111932375,0.6967327,0.5060403,0.14560463,-0.284712,-0.9210451,0.06298569,0.11328821
0.49185574,0.3360492,0.34585273,0.88139385,-0.5929338,0.028479502,-0.21707119,-0.833297
-0.12686935,0.81817853,-0.5261089,0.8552032,0.5429577,-0.63210166,-0.79838526,-0.24583535
0.40702918,0.5156319,-0.83663523,0.74208605,-0.76955044,-0.43693224,0.7072934,-0.92533255
-0.6330591,0.41613138,-0.020533625,0.066344686,0.64723665,-0.8159814,0.32511348,-0.3889531
0.7738613,-0.015649859,0.10784555,0.8462942,-0.15132612,-0.87292665,0.6411921,-0.280545
-0.66207635,0.6829623,-0.01405884,0.0121359825,-0.95449644,-0.8093557,-0.5133007,-0.70232874
0.54754275,-0.72157407,0.564929,-0.20304446,0.3346241,0.02053279,-0.61272675,0.7771369
0.39192957,0.10552415,-0.20180719,0.6162653,-0.5484035,-0.18997736,-0.15609676,-0.61477816
0.09707877,-0.4396554,0.017784448,-0.70196813,0.03713979,-0.6187861,-0.8118891,-0.8989703
0.3213701,0.55121636,-0.5643132,0.15150817,0.65936947,0.6945199,-0.057223383,-0.21701573
-0.30591264,0.77535915,0.22615653,0.3993847,-0.738134,-0.04954855,-0.8504491,-0.63028574
0.54248106,0.37758207,-0.5292973,0.6635694,0.34302494,-0.50704,0.52493507,-0.57169867
0.036910627,0.5466243,0.19790748,0.27012515,-0.033814438,0.83722675,-0.5356001,0.35399815
-0.24194396,-0.10530637,0.1966303,-0.49157053,-0.34528714,0.26998946,-0.33227277,-0.8224791
0.32541487,0.7719482,-0.4794881,0.12151776,0.41502172,-0.30069348,0.069844455,0.34053478
-0.7282028,0.061039127,0.40854824,0.178647,-0.92543465,-0.47621486,0.43235034,0.8887644
0.510564,0.6158927,-0.19247802,0.32560334,-0.19677363,0.8005798,-0.8632138,-0.9392185
-0.7741131,-0.7524506,-0.06786547,0.29200506,0.93031275,-0.057635736,-0.96443105,-0.7819877
-0.4330212,0.8770913,-0.80100703,-0.11374424,-0.012025239,-0.8726819,-0.70945716,-0.4251369
-0.6327431,0.8586816,0.82727534,0.14064604,0.1471152,-0.11359278,-0.7253772,-0.5933144
0.51690507,0.62764835,-0.49694213,0.40464187,0.36485863,0.57828057,0.71556526,-0.8619447
-0.04564499,0.7612276,0.5544016,0.44224262,-0.98087084,-0.9428556,0.715992,-0.87348205
-0.1851245,0.014550016,0.42026657,0.55860233,0.769328,-0.118605494,-0.3885088,-0.8385855
-0.25397575,0.8779976,0.6271727,-0.03712497,-0.48198637,-0.4298875,0.29495993,-0.3127838
0.7796864,-0.6949744,0.54948664,-0.49797854,-0.6249155,0.2383171,0.8058743,0.21274728
-0.84316885,0.85891116,-0.044772297,0.5647156,0.7292064,0.26963896,0.8924625,-0.9042715
-0.22980884,0.8325803,0.89051765,0.19891955,0.42597976,-0.7037025,0.7384169,-0.828617
-0.0506312,0.31031033,-0.6365056,0.4175569,0.455379,-0.26599783,-0.38396615,-0.5902029
0.28131697,0.23484573,-0.19985992,-0.3078222,0.58426166,-0.12421994,-0.13379456,-0.80449444
-0.14849468,0.21172296,-0.13950913,0.2147774,-0.84614325,-0.50636977,0.74303627,-0.16843365
-0.11839932,0.096367136,0.12613985,-0.21669845,0.642174,-0.9568783,0.76733553,-0.6133889
-0.20942444,-0.04967543,0.7504856,0.3564244,-0.13484824,-0.39679492,-0.0128695415,-0.8136474
0.45101658,-0.44794884,0.43794563,0.54978627,-0.5157433,-0.770676,-0.28361502,-0.83129156
0.3357857,0.6743603,-0.6486783,0.4674747,-0.12851772,-0.8651398,-0.2908975,-0.76082075
0.7077141,-0.8918654,-0.6808388,0.26578343,0.32966283,-0.45485148,0.8390447,0.64589775
-0.44505602,0.06694511,0.063086465,0.31972083,-0.8499235,-0.3285387,0.9110491,-0.97909105
-0.3525988,0.84089094,-0.08293192,-0.33604214,0.62760067,-0.3391462,-0.86761665,0.41370526
-0.78676426,0.65274704,0.0018371993,0.818468,0.53454727,-0.48537454,0.7312495,-0.83127534
0.6918324,-0.6354945,-0.39752707,0.67940557,0.05066158,-0.31326446,0.5029189,-0.33586144
0.5872431,-0.19479188,0.6990057,0.4985376,0.5875513,0.21517047,-0.7123349,0.045293197
0.64886034,0.50754523,0.14209457,-0.14425018,-0.92476034,-0.864779,0.12575322,-0.8265432
-0.81001663,0.028012456,0.005230886,0.6715382,0.5639875,-0.9136462,0.7505322,0.30117354
0.27728575,-0.31185016,-0.43035865,0.7488532,-0.91107655,0.29678553,0.2588756,-0.7534624
0.3049877,0.48655573,-0.37445992,0.69232845,0.2949758,-0.9528457,0.5747084,-0.5785725
0.65953505,0.9170742,0.6928963,0.7495113,0.52220416,-0.32650945,0.806164,-0.90960634
0.9256191,0.4358967,0.1551445,0.22428793,-0.26010057,0.47256243,-0.5393306,-0.8529425
-0.7665931,0.9285261,-0.19183615,0.97332543,-0.9385638,-0.6262349,0.15689585,-0.07062575
0.7986511,0.69479036,0.5968868,-0.7793299,0.8213533,0.43578878,-0.011218778,-0.5340578
0.2051453,0.86457425,0.2971875,0.65645707,-0.9704838,0.2492505,-0.88261676,0.7332761
0.07425709,0.7970458,-0.36166075,0.48159185,0.16404009,-0.90583295,0.5553888,0.19519417
-0.6354722,0.6727204,0.53316766,0.08291157,-0.74446285,0.41323456,-0.31046557,0.33214587
0.92319375,0.8973465,0.7995745,0.023652008,-0.48957548,-0.30593294,-0.9362989,0.16388945
-0.56444085,0.06109116,0.32145348,0.2545626,0.038600508,-0.6195581,0.21692081,0.38061917
0.69758904,-0.55219436,-0.5454464,-0.09470954,-0.28682357,0.63875765,-0.4741648,-0.7480316
-0.00943398,0.9918219,-0.6624272,0.587637,0.3532581,-0.76065373,0.7966281,0.19893713
-0.64144766,0.029752262,0.42251503,-0.5866355,0.12192203,-0.25403163,0.49041367,-0.43121457
-0.7576458,-0.063437454,0.34464476,0.8264752,0.51313186,-0.9487644,-0.32934466,0.92923254
0.8088439,-0.026288947,-0.39071557,0.91019523,-0.6962954,-0.43894228,-0.8432549,-0.96540445
-0.934561,0.8817549,-0.1942432,-0.14880838,0.41520962,0.50681376,0.802041,-0.6630923
0.7293531,0.44742528,-0.1856707,0.5558096,-0.39560968,-0.97260493,-0.40497097,-0.8249594
0.04772511,-0.7292323,-0.278476,-0.6093551,-0.09533119,0.6383703,0.53280675,-0.72593844
-0.34485567,0.7457622,-0.08543484,0.8839124,0.5211611,0.3518272,-0.7157262,-0.3837788
0.20757239,0.69925976,-0.6426617,0.2192646,0.22680017,0.042317495,0.81872416,-0.6261363
-0.743894,0.7078724,0.78160906,0.9320986,-0.7851298,-0.8648783,0.22330248,-0.93912476
0.05731547,0.8395715,0.39315528,-0.11504877,0.82331353,0.36919636,-0.3925392,-0.94017893
0.63486654,0.51644784,-0.80156434,0.4362498,-0.16089362,-0.15510534,0.8705045,0.28424555
-0.503172,0.3316014,-0.94151545,0.18247658,-0.62307644,-0.46331674,0.89992136,-0.97065234
-0.6628846,-0.20755158,-0.87703365,0.4049818,0.84735036,0.67176515,-0.024287542,-0.8291751
-0.77023,0.75490564,0.87070835,0.24229044,0.34992158,-0.45575494,0.7996629,-0.35658744
-0.6990755,-0.45146668,-0.3873743,-0.02665867,0.2726824,0.30914837,0.378899,-0.6441401
0.6874631,0.98364335,-0.79645824,0.32020625,-0.8292805,-0.15325718,0.40914765,-0.7094511
-0.25446987,-0.032118,0.69008726,0.56144154,-0.1850249,-0.37363088,0.36784333,-0.54990757
0.15623213,0.5102213,-0.191886,-0.33787858,-0.5840924,-0.20706624,0.8973008,-0.6589889
-0.70131886,0.30698374,-0.2414398,0.5745524,0.55715066,0.6524441,-0.8231441,-0.97856665
-0.81978226,0.9312716,0.5801483,-0.1236111,-0.79536986,-0.5938486,0.2805812,-0.78196657
0.28060177,0.35811278,0.61808485,0.7171679,0.7726696,0.13093682,-0.0967383,-0.88007677
0.30781814,0.867746,-0.24747221,-0.5514482,0.27214044,0.0061259097,0.6671173,-0.1558464
-0.7171825,-0.010716922,-0.10750012,0.9767841,0.84331566,-0.47032204,0.8724151,0.020671165
-0.7366731,0.864085,-0.26617151,-0.08667922,-0.60606956,0.0037673085,-0.4544858,-0.81364363
-0.6492071,0.44576845,0.08818583,-0.28300986,0.25458524,0.05259554,0.07046086,-0.97834057
0.3020481,0.38138545,0.14594692,0.8338795,-0.83278835,0.7770113,0.62314963,-0.95635635
-0.77229726,0.43198597,-0.8125142,-0.23944321,0.029146662,-0.5169991,0.8393329,-0.87761825
0.42504358,0.9485761,0.49475074,0.78965396,0.31482825,0.5373502,0.7947823,-0.75885886
0.4633386,-0.13992913,0.79606974,0.38866743,0.037708722,-0.84782785,0.58951306,-0.65752846
0.20495977,0.6445931,-0.46366122,0.16497053,-0.9020487,-0.24557129,-0.14747697,-0.75880915
-0.7765224,0.8273282,-0.662554,-0.44843608,0.38802025,-0.35764524,0.80097085,-0.24427168
0.6806104,0.68610036,0.68106365,0.5317177,-0.6573843,0.5529204,0.71462643,-0.014705075
-0.8228636,0.810495,-0.8477105,0.47476172,0.2162659,-0.93374485,0.87775993,-0.47543454
0.729695,0.6952239,-0.7335324,0.91244876,-0.58905935,-0.74267817,0.19623643,-0.83218956
0.012665649,0.11739147,0.4406172,0.7602643,-0.47273827,-0.8585497,0.14028357,-0.80431724
0.4995407,0.9040829,0.55573225,0.23132521,-0.010977543,-0.89677066,0.5640584,-0.8764677
0.8932269,0.86619234,0.054240555,0.6096064,0.2405117,-0.9027928,0.27927697,-0.34263122
0.63894653,0.4932735,-0.70581764,0.16140798,-0.9652282,-0.23623407,0.6205977,-0.9528149
0.80408406,0.19987582,-0.029996766,0.935669,-0.06793625,-0.6544864,-0.071816824,-0.74397534
0.6882299,0.26499084,-0.06344603,0.95837045,-0.8149122,-0.39098898,0.22148949,-0.18715627
0.11231227,0.06544639,0.47200212,0.44193357,-0.52070063,-0.5361259,-0.36928084,0.084600694
-0.2512688,-0.4412821,0.52552915,0.44889724,-0.79795265,-0.47564617,0.86225677,-0.19647959
0.8790479,0.085145935,0.9295503,0.68039954,0.77672106,-0.90820533,-0.66204727,-0.7996717
-0.5690148,0.6467607,0.44234088,0.35523164,-0.4207809,-0.96218085,0.8140609,-0.94569963
-0.1048438,0.8165465,-0.1141606,0.29998532,-0.69795424,-0.7753351,-0.5169087,-0.6414055
0.8598556,0.774636,-0.38779685,0.31920642,-0.062905304,-0.12986144,0.3175812,-0.061588977
-0.942579,0.5194931,0.15591532,0.08376569,0.86983234,-0.43230253,-0.07074938,-0.95125306
0.6503589,0.12664106,-0.5703236,0.6178344,0.23887776,-0.18868554,0.11491453,-0.8930952
0.80719876,0.84597963,0.61124194,0.91263396,-0.017933652,-0.94450015,-0.94962436,0.14786205
-0.4650413,0.49857625,0.792904,0.966921,-0.96298707,-0.68127537,0.38212216,-0.08943647
0.42648622,0.8763808,0.6193626,0.24097748,-0.15788026,-0.26901758,0.85589325,-0.9545781
0.33926794,0.76592004,0.7087029,0.5697379,0.20710252,-0.4897853,-0.5509622,-0.31655258
0.7296138,0.727216,-0.4856093,0.7383978,-0.29381952,0.07901566,0.40753332,-0.22494008
-0.17507586,-0.3302668,0.53113306,0.061859917,-0.090823025,-0.8491778,-0.9883401,-0.9282058
-0.3047012,0.8718101,0.84384364,0.5876044,-0.30599084,-0.9330029,0.060059804,0.021000456
0.21529207,0.84411985,0.232076,0.93229175,-0.5054591,-0.9250966,-0.71882856,0.45704454
-0.22375062,0.73370945,-0.25074714,0.6497179,-0.8548672,-0.9014961,0.5449929,-0.08221694
0.42707238,0.32738382,-0.38161173,-0.022736207,0.6982877,0.65189224,-0.6318687,-0.32425836
-0.14284928,-0.02512123,0.8659627,-0.011905286,-0.44896933,-0.4801221,-0.38245654,-0.6656956
-0.54156154,0.7639574,0.12381855,0.8255622,-0.86868405,-0.20202254,0.27286327,-0.5201981
0.9428711,0.5623739,0.5050306,0.58486956,-0.6089353,-0.70146143,-0.7851889,-0.84464383
-0.78756285,0.3869749,-0.81449,0.8124137,-0.43633294,-0.2765108,-0.492533,0.08831387
0.91006386,0.82199407,0.3827451,0.31682852,-0.92538446,-0.057748962,-0.6126256,-0.030610057
0.4773441,0.47340357,0.024057982,0.20361838,-0.5214058,-0.38663492,0.49870872,-0.3630366
0.30762556,0.9304635,-0.19460848,0.6302639,-0.9225563,-0.016347442,-0.7154081,-0.6584928
0.19280744,0.30138287,0.8080687,0.8200451,0.45730725,-0.7779242,-0.058115475,-0.9004306
0.23986104,0.7109025,-0.7542238,0.7948849,-0.8111299,-0.42737746,-0.49281275,0.0097750295
-0.0013990095,0.5574444,0.5704358,0.92967,0.9025395,-0.32358363,0.67974293,-0.71739995
0.7126876,0.7978491,0.44694814,0.38939577,-0.6013868,-0.44413757,-0.7367043,-0.87180984
-0.09931482,0.38266778,-0.4271823,0.88225955,-0.89352876,0.13068825,-0.7137761,-0.10197859
-0.28194603,0.90773034,0.08525875,0.02943723,0.6762394,0.1907451,-0.07815314,-0.5040789
-0.20262825,0.12052754,-0.83435225,0.7572864,-0.16329283,-0.93173695,0.35738426,-0.48910657
0.7484627,0.49269632,0.41270834,0.6758435,0.21795288,0.6734105,-0.2867598,-0.5380362
-0.18650576,-0.50107104,-0.024723036,0.929667,0.2711305,-0.9480174,-0.61468244,-0.83146906
0.5030268,0.8164353,-0.5701548,-0.04326496,-0.9114736,0.20788921,-0.54315865,-0.61433625
-0.45411125,0.43991032,-0.24318112,-0.6338469,-0.81615555,-0.65902984,-0.96064985,0.088477805
0.9651821,0.65137804,0.6273589,0.41329852,-0.0012068743,-0.88265836,0.23234817,-0.5309517
0.7516387,0.6085927,-0.5123294,0.19344433,-0.7447902,-0.8804602,-0.36315644,-0.7796578
0.033182923,0.39176646,0.3668483,0.29184696,-0.94389325,-0.9338268,-0.041224405,0.08615811
0.23596846,-0.007801613,0.35193452,-0.51056784,-0.6969534,-0.95290977,0.79442596,-0.76789767
0.8173662,0.08677115,0.14639586,0.82842696,0.3470823,-0.9808169,-0.44928673,-0.8002647
0.07366527,0.31633094,0.52639866,-0.46950775,-0.8661103,-0.42019522,-0.9388879,-0.5848683
-0.5179178,0.28340966,0.1199092,-0.3034148,-0.11287284,-0.8644666,0.2250572,-0.53698134
0.9230571,0.58684397,0.500279,0.6438328,0.22684519,-0.101202786,-0.38929373,-0.9094856
-0.08461417,0.92485833,0.7902727,0.35042906,-0.9439747,-0.8143442,0.11352706,-0.15758176
0.3945945,-0.7144443,0.17769143,0.72301865,-0.024976661,-0.57122225,-0.72199404,-0.16075778
0.86277336,0.82209915,0.41476214,0.66671836,-0.965427,-0.3454971,0.1146424,-0.4715251
0.13355349,0.043196365,0.20238854,0.2013369,-0.2851433,-0.44209102,-0.91178703,-0.9286467
0.06720379,0.7680677,0.47528946,0.8667963,-0.8524609,0.6417496,0.31514296,-0.85141903
0.80844295,-0.04562865,0.22892372,0.4823292,-0.4451328,-0.5046016,-0.380574,0.26722524
0.17267577,-0.54072404,0.31222337,0.92621285,-0.7886727,-0.35805517,0.5370238,-0.65598035
0.60884833,0.21741153,0.9748963,0.23473752,-0.5906687,-0.7119934,-0.508596,0.049478002
0.30146518,0.47587508,-0.19922443,0.57857424,-0.9283548,-0.37186202,-0.3903243,-0.85088456
-0.3269844,0.9731949,0.4995127,0.9624338,-0.646013,-0.07558986,0.6574323,0.1535398
-0.8156416,-0.1295276,-0.466629,0.9344977,-0.653244,-0.4307742,0.64101696,0.28544757
0.47688165,0.2645346,0.28889495,0.86012566,-0.5143351,0.2263246,-0.3826446,-0.17829944
-0.76669985,0.63416135,-0.4393256,0.8309152,-0.67176664,0.45316344,-0.29739177,-0.7057079
0.63919723,0.9145407,0.92610574,0.6758122,-0.6594355,-0.8920925,0.78522384,-0.5550647
-0.89476377,0.33769134,0.40394384,0.8723615,-0.38330862,-0.37443995,-0.9123281,0.42018527
0.6358229,0.72506535,-0.9032578,-0.1371357,-0.30780655,-0.43932548,0.39816236,-0.8024369
-0.64709055,0.6701886,0.22061394,0.03089029,-0.6194463,-0.9625717,-0.61029124,-0.75891626
0.37816244,0.73006004,0.4588134,0.58053255,-0.5404576,-0.24398597,0.34797892,-0.52084595
0.16531916,0.39115107,-0.5805775,0.68136257,-0.5260309,-0.8539041,0.60431886,-0.04401788
-0.053981543,0.90245086,0.15396737,0.15879467,0.14167552,-0.10785325,0.96579343,0.09848799
-0.58291113,-0.16782874,0.21982981,-0.56261486,0.35318157,-0.84106535,-0.58364934,-0.46861044
-0.09001968,0.8863726,0.21168844,0.2280272,-0.3663509,-0.4350776,0.98659277,-0.8720587
-0.45248127,-0.070009045,-0.495946,0.77852136,-0.119678274,0.06842212,0.8517727,-0.31998685
0.54028577,0.6929728,-0.7660881,0.89891565,0.22579136,-0.05932147,0.40623647,-0.41976985
-0.7915184,-0.13975242,0.22856793,0.5759453,-0.83127266,0.34303203,0.037436683,-0.9444723
-0.22234146,0.32887197,0.20507748,0.4235323,0.30596516,-0.5599083,-0.5302847,-0.30793712
0.24822801,-0.78194004,0.5307325,0.59616303,-0.16644984,-0.754775,-0.14399464,-0.69780004
-0.28722057,0.9711537,-0.34027827,0.94425756,0.062425457,-0.22298059,0.7704091,-0.92751276
-0.47699896,0.31274477,0.39793062,0.47211882,0.060778596,0.39445922,0.739857,-0.87511325
-0.57889384,0.123552434,-0.0116720265,-0.2982112,-0.59438896,0.09872951,-0.38445598,-0.36653787
0.5999184,0.322753,-0.15579578,0.9108256,-0.029638689,-0.8877923,0.3915003,-0.33486035
-0.54598045,0.6659597,-0.03537613,0.46964097,-0.34759337,0.09343858,0.5676744,-0.81845415
-0.58645016,0.8650962,-0.31919476,-0.76880765,0.76727813,0.2739517,0.35801363,-0.7943512
0.24416858,0.3295079,0.025464773,0.753896,-0.9386968,0.8504576,0.26691455,-0.8911933
0.17327324,0.94574463,-0.35273963,0.0690408,0.18575817,-0.00014793873,0.7162943,-0.7469193
-0.5263176,0.68362105,0.029276883,0.67486715,-0.7087092,0.7330829,-0.27444375,-0.33619386
-0.35035524,-0.17031321,-0.5691312,0.5025799,-0.37449023,0.11790294,0.69356227,-0.8660644
0.8955809,-0.1489067,0.8873771,0.41560003,-0.96702343,-0.05446267,-0.4809596,0.5063159
-0.5913391,-0.111778684,0.29119417,-0.34654367,-0.9373437,0.098593645,0.7663069,-0.52110547
0.22954229,0.15431961,0.014709813,-0.6287421,-0.6382799,-0.4520144,-0.039149925,-0.3548579
-0.15912175,0.11107604,-0.6400925,0.8217162,0.32339266,-0.62668097,0.71017647,-0.7318343
-0.18870763,0.86436427,-0.62253153,0.297758,-0.5052921,0.63868403,-0.14200331,-0.14412662
-0.26931852,0.7442863,-0.35203588,0.8049873,-0.029688973,-0.9478847,0.54500914,0.8303338
-0.3002805,0.2479502,0.94698745,0.6304525,-0.5991175,-0.5828179,0.8211485,-0.411141
-0.23172544,0.93866915,-0.7713397,0.7569907,0.3500528,-0.8540532,0.68583035,-0.75059605
0.4328181,0.33994123,-0.58768284,0.6168406,0.12678294,-0.38843095,0.98045254,-0.79055434
0.26464343,0.82762706,-0.87495863,-0.21415886,-0.42410764,-0.74719954,0.34646034,-0.1380427
-0.75266874,0.24319588,-0.34623188,0.6499044,-0.49710473,0.6792608,0.42820856,-0.78599775
0.6634038,0.39154208,-0.72800183,-0.37187153,0.28543952,-0.39347374,-0.6384282,0.19583376
0.50825566,0.52157104,-0.41477314,0.91351974,-0.807139,-0.74932754,0.8032718,-0.283488
0.6538352,0.36837915,0.81807584,-0.38381094,-0.09888485,-0.82915956,-0.55029607,-0.5544803
-0.019977743,0.052965146,-0.28581497,0.20485176,0.19582373,0.18948916,0.77625793,0.2955925
-0.4636434,-0.7312684,-0.85852647,0.45942572,-0.887071,0.020570774,0.7357689,-0.8307822
0.44666597,0.1006031,-0.15629932,-0.28819436,0.5602732,-0.4887099,-0.92828053,-0.232484
0.3435021,0.43642184,0.032356523,0.96486527,-0.8276043,0.4676601,0.8594568,-0.32883248
-0.11534311,0.9047067,0.41680294,0.75194615,-0.3925498,-0.45076078,-0.25093904,-0.61531866
0.94870585,-0.8124603,-0.6457603,0.8163322,-0.56988627,-0.08916319,0.8383745,-0.7755161
0.37210038,0.2274773,-0.54629266,-0.20297202,0.3972335,0.34201685,-0.29282078,-0.71631837
0.5807295,-0.37133873,-0.58727026,-0.09081844,-0.6947188,-0.6848296,0.027576396,-0.80332804
0.49576017,0.5119879,-0.2541234,0.6014017,0.7244397,-0.78271854,0.21424985,-0.5090609
0.9410694,0.16924697,-0.16846846,-0.04354285,0.25630027,0.4510453,-0.24805087,0.42455846
-0.2798687,0.13280138,-0.013210631,0.27594963,-0.89312154,-0.65512395,0.17742762,-0.2388972
0.7947591,0.4128826,-0.7945334,0.6324161,-0.30757248,0.5176767,0.05199385,-0.91788095
0.32397905,0.61822057,-0.84652036,0.22786708,-0.14271152,-0.4748136,0.14436862,-0.33289722
-0.5309587,-0.39452565,0.1184056,0.027531996,0.7739327,-0.5085572,-0.09928172,-0.7112952
0.95778877,0.9472329,0.23856947,-0.5607501,-0.65510666,-0.50308603,-0.4807958,0.19722861
-0.94355553,0.50978,-0.67928195,0.77061296,-0.75057304,-0.70082915,-0.77677155,-0.5384978
0.8957652,0.20690359,-0.78506136,0.7154599,0.43888313,0.6695535,0.80349976,-0.21561536
-0.1381955,0.48453653,-0.91195565,0.52215797,-0.83577615,0.6173939,0.6142734,-0.38060117
0.12004442,0.5642855,-0.664375,0.36395517,0.7113004,-0.884564,-0.44744927,-0.34506
0.0152497245,0.722237,-0.29636106,0.6909764,-0.4769531,-0.55452555,-0.48783866,-0.7677119
0.21185613,0.7306393,0.65612966,-0.57582724,-0.80721456,-0.93639123,0.70645976,-0.41817892
-0.21565482,-0.453376,-0.91448843,0.87398446,-0.51185274,-0.70579386,-0.60103446,-0.59780693
0.9263637,0.2952773,0.415815,0.54914373,-0.5661051,-0.82385087,-0.62269914,0.23070283
-0.1792888,0.6870551,0.040724214,0.54739404,-0.5098831,-0.98252875,-0.41773528,-0.9180512
0.28838316,-0.69976205,0.44340405,0.63288546,-0.26345795,-0.6304624,-0.47576812,0.25337085
-0.101597,0.0042151557,-0.9668089,0.25683948,-0.36214995,-0.45843744,-0.1695858,-0.18144746
-0.8570024,0.78647876,-0.39976498,0.579252,-0.3267448,-0.86087465,0.19038254,-0.06953664
0.7761228,-0.4160952,0.43773973,-0.41034132,-0.91069674,0.7358009,-0.7678224,0.099748395
0.2968051,0.46121085,0.44641775,0.8950015,-0.9195436,-0.27381608,0.39683548,-0.45834333
-0.8002086,-0.62546015,-0.46210167,0.23964503,0.2657922,-0.7799524,-0.61819506,-0.124019116
0.58588225,0.8620194,-0.69992983,0.3583462,0.2796062,0.3110387,-0.4090624,-0.7755289
0.2608299,0.8135597,-0.77969396,0.6982472,-0.1010556,0.8711388,0.40248075,-0.4205608
0.20389383,0.048698023,0.44690046,0.9027272,-0.90961957,-0.05304241,-0.6392466,-0.87558943
0.8379148,0.43671724,-0.7326186,0.3091885,0.068156995,-0.7647482,-0.21020971,0.02835747
0.016706431,-0.26066682,0.50511765,0.033352368,0.64792234,0.4502646,0.23364641,-0.5172657
0.072595336,0.2513841,0.039118793,0.8343582,0.16905338,-0.9740558,-0.39028648,-0.5132179
-0.59616876,0.2904274,-0.12655433,0.8076357,-0.5867365,0.87442255,-0.32872748,-0.70209444
-0.07753474,-0.3418515,-0.9324769,-0.6248605,-0.28724355,-0.90033627,-0.20341165,0.5096073
0.21791907,-0.22140197,0.11205405,0.13717103,0.4102798,0.63012755,0.7275713,-0.6797733
0.06748756,0.927396,0.5694279,0.8438127,0.053728767,-0.8652725,-0.8854464,-0.8563565
0.25986126,0.86303514,-0.787138,0.54620576,0.4569781,0.5755555,0.42864233,-0.5841422
0.53576845,0.59377015,-0.80559886,0.7587695,-0.9161079,-0.70798075,0.67381084,-0.8840256
-0.62283134,0.72248983,-0.28627476,-0.3979585,0.5941466,-0.046621416,-0.7025125,-0.013709938
-0.4380423,0.8844438,-0.012506451,0.042575415,-0.83840394,0.15693752,-0.5141024,-0.8584455
-0.27588013,-0.2571193,0.095425725,0.10047398,-0.67753565,0.245095,0.06807929,-0.5499822
0.6596353,0.23742998,-0.8250869,0.51451725,0.2037303,-0.6127274,-0.09043582,0.2814127
0.89638186,0.49943113,0.065899365,0.80772924,-0.7180017,-0.47860447,0.75114,-0.67320466
-0.53857887,0.822242,-0.84007823,-0.49225104,0.2877204,-0.012150405,-0.29118335,-0.6043829
0.305621,0.16728236,0.37185827,0.78560734,0.0014818896,-0.9537615,-0.026694927,-0.6351508
0.4227608,0.86145496,0.30254406,-0.24148594,-0.30830416,-0.89774954,0.37702712,-0.6969708
0.21502453,0.85075927,-0.72886556,0.80724466,0.3898079,-0.96390986,-0.123467885,0.3075778
0.74896586,0.036699824,-0.5040734,0.1618949,-0.3864189,-0.8726448,-0.6593188,-0.8362711
-0.0014599253,0.81904036,0.530871,-0.52725387,-0.44539616,-0.64565563,0.27962482,-0.29950744
-0.67070454,-0.24888994,-0.8894372,0.6214293,-0.63314605,-0.34644625,-0.2941196,-0.44894505
0.9805287,0.14867909,0.97468305,0.4201173,0.5551393,-0.6501325,0.72089684,-0.8402517
-0.43464193,0.78847814,-0.12720786,-0.24677518,-0.58440477,-0.74621105,-0.04910023,-0.07934119
-0.7974737,0.61938554,-0.753187,0.23215874,-0.7749453,-0.5953899,0.79149073,-0.24633911
-0.1500603,0.9205428,0.16389565,0.26367468,0.83573353,-0.17533395,-0.7634563,-0.502364
0.93692875,0.5118025,0.42236862,0.696525,0.17522934,-0.35510376,0.23058093,-0.54542434
-0.21901067,0.31855306,-0.48869574,-0.59756017,-0.3979849,-0.24063368,0.84447515,-0.47902754
-0.52719086,0.6089244,0.4731052,0.82770425,0.31263623,0.3717037,0.7261292,-0.7627078
0.43820283,-0.13003987,0.7319263,0.8183658,-0.8059669,-0.95714897,0.770249,-0.21169157
-0.26004222,0.6349945,0.13105668,0.44091737,-0.80336547,-0.46911666,0.7904587,-0.24319829
-0.91843784,-0.4494607,-0.33201188,0.748636,-0.5130727,-0.72916067,-0.57044494,0.45905375
-0.18605945,0.40730914,0.073171936,0.74589616,-0.9898074,-0.87592685,0.876109,-0.7370061
-0.81782365,0.70964587,0.065310456,0.6738796,-0.7232001,-0.016354986,-0.6842718,-0.60691535
0.17579183,0.9549045,0.5168997,-0.14214392,-0.72643274,0.49343473,0.5415071,0.20213424
-0.9428004,-0.28391036,0.60459185,-0.43333912,-0.94973,-0.13434483,0.7378266,-0.96429926
-0.68266326,0.77889585,-0.6921841,0.92945933,-0.38161838,-0.65002775,0.0005273935,-0.77859205
0.14689602,0.80131817,-0.86048645,0.68098044,-0.6070154,0.036402658,0.7561413,-0.720888
-0.42502546,0.69241786,0.2873714,0.5157065,0.25111613,-0.34460956,-0.80325687,-0.6778482
0.22207008,0.9468405,-0.15529741,0.5130871,-0.6636025,-0.29203266,0.54487,-0.5692133
0.2328585,0.28013635,0.34631908,-0.33682355,0.52155834,0.64259505,-0.09031859,0.080697045
-0.57398796,-0.6085294,-0.6165292,0.690714,0.4501029,-0.14326768,0.66596866,-0.5090937
0.43634772,0.70703626,-0.87447155,0.24682331,-0.15098998,-0.9608457,0.22444877,-0.5863462
0.33752933,0.61454254,0.8447274,0.58243644,-0.24546553,-0.82374954,-0.09066554,0.44719848
0.21399966,-0.32829618,-0.48272365,0.9748812,0.5216815,0.8771234,0.77689976,-0.7994245
0.61081886,0.3688237,0.16678682,-0.7736871,-0.790076,-0.39991537,0.23999633,-0.8106269
-0.38255903,-0.0021258858,-0.32333595,0.7018845,-0.21478334,-0.46553457,0.56912214,-0.28624728
-0.7013632,-0.57232213,-0.7584596,-0.539966,-0.05236489,-0.3145502,-0.5639399,-0.8919136
-0.07046605,0.4278341,-0.54206264,0.37564242,-0.54904807,-0.70223355,0.5680609,0.51485705
0.43223956,-0.060781207,0.81235576,-0.4409646,-0.35038942,-0.41967413,-0.5147887,-0.4983694
-0.151464,0.2208467,0.36577234,0.3185957,0.9644156,-0.48190176,0.59600013,-0.3230386
0.91835356,0.82148033,-0.86505926,0.8363613,0.24325588,-0.49527878,0.644843,-0.5415054
-0.32640642,0.5633061,0.5460983,0.4753738,-0.7614219,-0.84242886,0.3515394,-0.787095
-0.57071733,-0.40646273,-0.32614386,0.264038,-0.58987117,0.25760278,-0.6498141,-0.8737302
0.40786746,0.3375564,0.32806033,0.755692,-0.6742153,-0.95633066,0.24583177,-0.895113
0.91383076,0.34968922,0.843313,-0.07008411,-0.9790985,-0.5194444,0.3201207,0.28878933
0.19322899,-0.01901165,0.598186,0.769061,0.38078284,-0.76464486,-0.52224666,-0.08849756
0.086594835,0.16455083,-0.57876605,-0.26406503,-0.98983014,-0.8988467,0.76920587,0.7203165
-0.36392528,0.5528647,0.46401164,0.44869053,0.7003207,0.010017388,-0.04385063,-0.62864244
0.1940069,0.86925894,0.52440345,-0.6915256,-0.6153308,-0.52711064,0.80621254,-0.45059735
0.18396474,0.8870547,-0.47602588,0.37110677,-0.82182497,-0.8186337,0.51047456,-0.503696
-0.5511993,0.91089964,-0.76551557,0.9368134,-0.7881996,-0.8893762,0.80740464,0.48893732
-0.05486457,-0.28236964,0.6225101,-0.49090904,0.80937046,-0.66955954,0.8831954,-0.008290101
0.89396,-0.38513544,0.8336754,0.56509966,0.10282837,0.7563885,0.42586812,-0.52638996
0.19090016,0.5661548,-0.4983824,0.59897435,-0.18618515,-0.5896721,0.7343395,0.10174166
0.4709555,-0.0333649,0.070023626,-0.7145691,0.3192387,0.09458106,0.26627433,-0.3221414
0.95577466,0.61634254,0.36488056,0.68053246,-0.9164632,-0.85053897,0.5329525,-0.3837224
0.25000218,0.25842434,0.65808314,0.83433336,0.30625865,-0.14589363,-0.9242713,-0.22371209
0.7817128,-0.5479766,0.9034746,0.5340847,-0.7230059,0.012692127,0.56528515,0.082308054
0.71043974,0.6461704,-0.7826301,-0.549958,-0.33574757,-0.76663923,-0.4728063,-0.8126353
0.81650776,0.17877804,0.9561998,0.8194054,0.5632777,0.5058477,0.38755885,-0.84013724
0.8285174,0.55895627,-0.060933143,0.21155585,-0.3475426,-0.8816221,-0.63802487,-0.2220441
0.312278,0.33149892,0.13957612,0.94518983,0.6531002,-0.004156983,0.7411894,-0.8981889
0.15259084,0.22863054,-0.46767598,-0.615793,-0.20366554,-0.09864558,-0.12486201,-0.9197689
0.5102697,-0.2644935,0.7541949,0.327218,-0.8001976,0.15407735,-0.29730782,0.6752893
0.2941367,-0.043594368,-0.32179847,0.44130564,-0.82106566,-0.5439202,0.3596897,-0.59416413
0.82625055,0.8967676,-0.018088156,-0.2681608,-0.022979356,0.1637255,-0.95924366,-0.1032974
-0.31325603,0.9265168,0.44648284,-0.8120284,-0.8959944,-0.33267033,0.73183703,-0.8258668
0.7195265,0.91810834,0.55055773,0.68569565,0.8378562,-0.054696515,0.8101289,-0.62574005
0.3995581,0.8995664,0.8037071,0.07018138,-0.9780248,-0.97090983,-0.1952189,-0.1568591
0.4022624,0.3896654,0.6938517,-0.25952056,-0.4897363,-0.4016637,-0.441804,-0.6380302
0.7558644,0.27680695,0.7616121,0.055997234,-0.18692243,0.39827186,-0.6282069,0.11057159
0.12392243,0.15634517,0.21855775,-0.20718002,-0.6504016,-0.7366863,0.9416027,0.08720442
0.8749131,0.18509611,0.94290423,0.9178764,-0.6577753,0.77917194,0.9118216,-0.09820825
0.86334026,0.65841734,-0.054802354,0.026254393,0.68627024,0.3954136,0.5655074,0.75388455
0.5345246,0.9855053,-0.7153801,0.08382241,-0.8868488,-0.47236514,0.35571256,0.48233983
0.46686462,0.58553267,-0.2785665,-0.44252306,0.1255754,0.63060206,-0.4218087,-0.90906703
0.89935905,0.5711249,0.81353474,0.77409685,-0.8219683,-0.9459138,0.6750768,-0.4304474
0.74672866,0.22761531,-0.3638146,0.51775223,-0.7285366,-0.5707551,0.934726,0.90996164
0.5573606,0.8947136,0.65811056,-0.020693328,-0.6763154,0.64978373,0.6169654,0.13114256
0.7625199,0.65421003,0.33245653,0.90268123,-0.5329438,-0.49669096,0.041404404,-0.8802941
0.3379709,0.33330882,0.30184358,0.52444005,0.017054632,0.19708505,-0.80678433,0.6534443
0.70098877,-0.6180979,-0.024896141,0.6575156,-0.73095775,-0.7254193,0.22880794,-0.94831795
0.74223644,0.8384068,-0.4183389,0.80199236,-0.56477094,-0.8877202,-0.599504,0.35958827
-0.51031303,0.40206906,-0.48140606,0.54790974,-0.78295267,-0.40082896,-0.15061109,-0.87821364
0.15828188,-0.004798572,0.7931671,0.33034363,-0.7677355,0.41973191,0.26391008,-0.81554866
-0.2762726,-0.04019692,-0.33312985,0.6507404,0.68620026,-0.4974817,0.24168612,-0.36017433
-0.31503284,0.65516186,-0.54322356,0.6139864,-0.4524992,-0.9623122,0.26762965,-0.6714064
0.045139015,0.81595016,0.92518544,0.8830711,-0.908763,0.06807879,-0.5949522,-0.796115
0.6397363,0.89895606,-0.20039356,0.8021154,-0.71177,-0.7197742,0.67593324,-0.7647761
0.61629415,-0.01566997,-0.10842329,0.8384018,-0.37950376,-0.9376228,-0.9218612,-0.7880428
0.33203164,0.89396775,0.18200755,-0.34414694,-0.8224909,-0.13987553,0.5485761,-0.97949135
-0.24033736,0.41708806,-0.5054758,0.83886886,-0.54476786,-0.6938203,0.84247094,-0.87876076
-0.21745723,0.9675532,-0.39114726,-0.16095169,-0.44706813,-0.23375334,-0.65806794,-0.72290397
-0.27027863,0.67673707,-0.39079806,0.44955608,-0.825756,-0.7073175,0.44165298,-0.36290777
0.9031532,0.838199,0.98940563,0.3060123,0.57269263,0.63516784,0.49312174,-0.4073592
0.6098926,-0.87524617,-0.9085112,-0.0313817,-0.7443174,-0.9530376,0.47143927,0.2143032
0.059392862,0.6907532,0.6056293,-0.19554566,0.3423889,-0.19984026,0.6851988,0.047889408
-0.7725393,0.2828531,0.4328584,-0.31798565,-0.81291926,0.57163745,-0.8888134,0.028993227
0.8148048,-0.2742811,-0.60398734,0.8186057,-0.7635047,-0.9500125,0.71561915,-0.8063752
0.64935005,0.2760177,-0.3588029,0.32986337,0.47211877,-0.90020007,0.30145293,0.4457175
-0.5424111,0.97619444,-0.71886075,-0.18784696,-0.88567936,-0.8971478,-0.3746142,-0.12817906
0.19473688,-0.52212346,0.8633987,0.6311609,0.23039064,-0.0050818184,-0.58774734,-0.5128648
0.36051852,0.53912246,0.68835884,0.4666688,-0.6329552,-0.8918543,0.44914234,-0.27680594
0.033268567,0.91002357,-0.037927248,-0.21849456,-0.282453,-0.21131106,0.06599419,-0.5290427
-0.07912358,0.21659349,-0.2828672,0.77236104,-0.9377388,-0.54885083,-0.042978358,-0.57092965
0.75235254,0.6287221,-0.3985337,-0.35935715,0.4132127,-0.93590313,-0.021233883,-0.4757059
-0.63870883,-0.2154519,0.37231112,0.3579829,-0.7691913,-0.814564,-0.5376898,-0.18803833
0.11399534,-0.72984064,0.4144909,0.4085348,0.14381953,0.7392082,-0.30121243,-0.6273802
0.46915036,0.9576872,-0.73315036,0.2973211,0.13742612,-0.31663233,0.20199023,-0.071136996
0.17466877,0.12891163,0.96274054,0.7123324,-0.42038712,-0.36354294,0.35892817,0.37103775
0.79273194,0.87125957,-0.5833781,0.63081515,-0.75843525,0.66382384,-0.9195811,-0.42979944
0.056343395,-0.23582676,0.3977131,0.63012344,-0.52162826,-0.9787994,0.3274175,-0.6701441
0.73459256,0.028109772,-0.8489111,0.9488275,-0.47608748,-0.260721,-0.5233836,-0.6686182
-0.3057191,0.77446085,0.89280355,0.08969524,-0.350418,-0.19107766,-0.9820772,-0.5138466
0.79324424,-0.21139471,-0.40574846,0.19832543,-0.9561476,0.25858295,-0.7909071,-0.24221358
0.57899827,0.92466116,0.36526743,0.7941598,-0.9616454,-0.020587455,0.45198697,-0.7871238
0.96097016,0.5889882,-0.7220106,0.011527445,0.32842085,-0.65859085,0.26046988,-0.8998578
0.6974632,0.8321658,0.39622995,0.8808466,0.67520785,0.51969296,-0.25422806,0.2767549
-0.69281995,0.51928014,-0.6521592,0.12673368,-0.38590932,-0.3161514,0.043019563,0.06193746
0.94067264,0.6621419,-0.395678,0.6823677,0.77494043,0.68108386,-0.95913124,-0.84977955
-0.1826439,0.63947225,0.17597666,-0.5916766,-0.7225542,-0.39773062,-0.8844779,0.20883305
-0.24720782,-0.16191986,-0.9053632,0.65552104,-0.09538069,-0.13640955,0.84930146,0.62985337
0.5456995,-0.23081394,0.85164165,0.116306335,-0.74598444,-0.8439051,-0.094510175,-0.15321854
0.8196378,-0.54835653,-0.71981,0.7801244,-0.078857504,0.50260204,-0.8466046,-0.8765435
-0.83212894,-0.427963,0.14938645,-0.69507617,-0.72194386,-0.80271614,0.69939137,0.06616116
0.98131734,0.6772891,0.2102139,0.5442028,0.122377716,0.8116009,0.67046845,-0.5976734
0.6616139,0.7803993,0.44699275,0.15581317,-0.30562612,-0.6390459,-0.8534749,-0.9828813
-0.73343754,0.07312066,0.12221958,0.7136047,-0.044626795,0.011004302,0.4938225,-0.6557034
0.8811328,0.8739545,-0.7717916,0.5460098,0.081823856,-0.92189306,0.6378591,-0.72039413
0.8586935,0.5052908,-0.52291864,0.85836303,-0.62785774,-0.73112476,0.9033303,-0.13390687
0.2926217,0.82040346,-0.119204216,0.85436964,0.5752835,-0.91190404,0.36699823,0.3208046
-0.059596106,0.26103187,0.9317185,0.70977104,-0.30693322,-0.113467194,0.8610402,-0.5146664
-0.052402165,0.5994031,-0.14868447,0.26030737,-0.5763074,-0.6843819,-0.2768881,-0.30613443
0.767824,0.43445015,0.72860575,0.5760795,0.30731267,-0.91117644,0.6544489,-0.15777229
0.6782452,0.93641716,-0.9622534,0.31701648,-0.7343482,-0.899469,0.74341035,-0.53553385
0.27313069,0.9196571,0.10087258,0.81017107,0.52884525,-0.9157888,0.55085754,-0.60772234
0.3545662,0.9647808,-0.5050678,0.8274956,-0.41036662,-0.68804634,-0.4448213,-0.6443598
0.93367016,0.8953019,0.557851,0.4764931,0.001994503,-0.8944566,0.99164975,-0.89746356
-0.015680458,0.4346593,0.8122221,0.866148,-0.88715976,-0.91826046,-0.7556565,-0.7106205
0.31562647,0.5018157,-0.7723392,-0.3214742,0.40895608,-0.57667506,0.7730089,-0.7593406
-0.084297106,0.93035245,0.71139264,0.9547563,-0.6550169,-0.14110096,0.61452305,-0.58377063
0.69422555,0.020610334,-0.42569762,0.33328596,0.13986403,-0.29318178,-0.47212765,-0.9606061
0.764064,-0.42012024,0.7166122,0.01879298,-0.8130161,-0.8433456,0.74624777,-0.3795772
-0.057831835,0.7933029,0.90941715,0.5483811,0.060027763,-0.8737563,0.10246772,-0.9545888
0.9399157,0.7343762,-0.15294902,-0.25773078,-0.19196838,0.407353,0.23403084,0.14082521
0.58816314,0.79484886,0.9513213,-0.64869106,-0.95590097,-0.83856815,-0.24420138,-0.16021127
0.4659653,0.045353036,-0.50877905,0.3632825,0.4534909,-0.40293965,0.48136032,0.03961658
0.24615566,-0.03728764,0.92539626,0.77434075,-0.78735304,-0.6936231,0.91094065,-0.9067794
0.97706336,0.8280209,-0.96972454,0.35553697,0.0030604207,-0.68600893,0.34036765,-0.98936003
0.22091213,0.93635005,-0.52554816,0.5043636,0.8744086,-0.6888817,0.9689304,-0.83486676
0.7370399,0.4881189,-0.5859867,0.39346656,0.6092385,-0.54420894,0.7157288,-0.49570978
0.9136551,0.6936077,0.5461242,0.82708526,-0.67093295,0.037754763,0.7936377,-0.65546685
-0.33574942,0.9798941,-0.66594064,0.20575003,0.7727331,-0.49169067,0.70610774,-0.34556022
-0.13794433,0.64982074,-0.3958706,0.7939925,0.1735841,0.15431982,0.48854688,-0.6535244
0.5712692,-0.45032117,-0.74834156,0.04452561,0.18015754,-0.7262908,0.8940569,-0.9568604
0.5625572,-0.0682926,0.754845,0.7156576,0.48089895,-0.032877214,0.39951187,-0.876383
0.28068826,0.72908735,0.11333415,0.9613359,0.10566788,-0.9423716,0.07200727,0.62792957
0.75667304,0.911108,0.31678274,0.58467406,-0.2636852,-0.7828163,-0.5433844,-0.9094558
0.513756,0.08004302,0.62126505,0.68673885,-0.87553364,-0.14652924,0.37010905,-0.591771
0.72835743,0.8104533,0.92495537,-0.07441816,0.58046913,-0.46544483,0.6458857,0.29346576
0.029155394,-0.116602905,0.78480726,0.51437974,-0.119895644,-0.93068975,-0.5416722,-0.7653532
0.4211294,0.360769,-0.31546596,-0.16306682,-0.3095495,-0.29961902,0.6805446,-0.19399248
0.5785931,0.18455575,0.22336692,0.5527246,0.6079978,-0.37174103,0.0019523253,-0.9650857
0.77236724,0.4420203,0.97409713,0.71734107,-0.1393699,-0.7382594,0.034463387,-0.5713874
0.7666849,0.8921761,0.8739771,0.51205677,-0.3478591,-0.99160415,0.33605874,0.17757404
0.636309,0.8945111,0.90320706,-0.40033013,0.13300474,-0.41727424,0.3088919,-0.3663642
0.9401278,0.26812705,-0.28571874,0.6741444,-0.8060019,-0.74710566,0.62369907,-0.18467179
0.5862235,0.71394515,0.24237008,-0.041594185,0.50496507,-0.3312586,0.7532403,-0.878497
0.093334004,0.25702703,0.13959536,0.5742185,-0.85718,-0.8232361,0.8311717,-0.8161452
0.58589435,0.80954045,0.46548346,-0.022192232,-0.878938,-0.81028783,0.42545813,-0.9341032
0.9562465,0.7468021,-0.2724757,0.8423823,-0.7859552,-0.46506765,-0.49722317,-0.26485652
0.97274,0.30393213,0.520373,0.9435258,-0.1651992,-0.604354,0.16570522,-0.36242503
0.7298537,0.07046891,0.19130036,-0.8725907,-0.79572093,-0.6563993,0.5108406,0.12442923
-0.38086054,0.7803063,0.37169543,0.6722088,0.020622578,-0.37687558,0.78448635,-0.6982182
0.31400535,0.95551383,0.82082707,0.7441191,0.08267207,-0.968634,0.28051275,-0.7007812
0.5682032,0.67006457,0.5804037,-0.49967164,-0.72561264,-0.47961873,0.13374211,-0.5790181
0.59099394,0.7130776,0.94472647,0.7579891,0.8212388,-0.43714312,0.7942784,0.35974926
0.08543026,-0.7454162,-0.62711257,0.5478199,-0.59795,-0.8102449,0.91043586,-0.8598851
-0.07435486,0.9602618,0.39235714,-0.12596388,-0.6146538,-0.704494,0.55605245,-0.53724265
0.70393145,-0.18901896,-0.0970962,0.07116309,0.5040251,-0.20685625,0.70081884,-0.65276915
0.9247185,0.61599267,0.451277,0.77775484,-0.35486364,0.7635663,0.7180617,-0.6613944
0.031797476,-0.5201761,-0.51247936,0.77734745,-0.6327565,-0.71803844,0.7187636,0.0060829367
0.83288497,0.8879982,0.9371883,0.9435608,-0.007471303,-0.78404975,0.0651204,-0.28830162
0.98150766,0.8280464,0.37271857,0.7085537,0.5255758,-0.47575104,0.397922,-0.75874424
0.59491026,0.86047995,-0.58345056,-0.029974956,-0.3006935,-0.55384016,0.58359945,-0.6943501
0.9574594,-0.5251415,0.5225256,0.95793205,-0.7537253,-0.5424002,-0.3853046,-0.4457141
0.85104126,-0.31182283,0.9478652,0.40934315,-0.73286116,-0.3900251,0.81482685,-0.16077837
0.96222496,0.75478375,0.25459468,0.7947937,0.0991742,-0.8911084,0.28627804,-0.8734891
0.78697467,0.69998634,-0.6471517,0.93721455,-0.7484511,-0.8149985,0.059817225,-0.73377275
0.093931176,-0.31155425,-0.23273297,0.73285043,-0.7120198,-0.3974932,0.74043334,-0.8123963
0.58842045,0.725492,-0.5740349,0.066788465,-0.59667534,-0.12839998,0.5474082,-0.094222546
-0.4309198,0.78425944,-0.8104549,-0.5092698,0.47970504,-0.69851017,-0.095488556,-0.8537322
0.1787886,0.45571375,-0.81649905,-0.110046946,-0.18414694,-0.635985,-0.4904317,-0.70349085
0.7324322,0.71254027,0.46604127,0.42129526,0.11181974,0.04068458,-0.08696257,-0.49961695
0.6236783,0.78355503,-0.5852581,0.47249007,0.29453143,-0.5255416,0.83459044,-0.5707034
0.49778727,0.9013263,-0.37943327,0.191689,-0.761794,-0.9778243,0.4795478,-0.14985855
-0.5472301,0.47088575,0.72428066,-0.38001713,0.470101,-0.82048416,0.18230343,-0.6677455
0.8859208,0.6996778,0.14179693,0.37349552,-0.011416058,0.3650096,-0.83009523,-0.81534624
0.25225258,0.1820626,-0.36998263,0.53444815,0.14318609,-0.33921498,0.6551664,-0.6718826
0.91649806,-0.63563913,0.15789875,0.6861071,-0.8386579,-0.8076904,0.9220218,-0.15837793
-0.34871805,0.87359756,0.31089878,0.48835686,-0.008902791,-0.5488963,0.8400382,-0.6419523
0.9464386,0.0019797657,-0.28202802,0.7008147,0.45390874,-0.78540444,0.11656132,-0.3165707
-0.6987679,0.7576694,0.26762345,0.62936467,-0.7029712,0.09574588,0.6099574,-0.8749641
-0.820652,-0.15886755,0.3363049,-0.82324475,-0.0689553,-0.41485587,-0.88343996,-0.8797582
0.7833923,0.3972688,0.72205615,0.8370739,-0.4431335,-0.62039876,0.32052648,-0.3437707
0.77984446,0.6527139,-0.8768855,0.5734899,0.59421957,-0.8931219,0.56141025,-0.58708715
0.44303885,0.6197163,0.21468525,-0.7871402,-0.5761932,-0.75608605,0.75566715,-0.20223147
-0.81350917,0.36471963,0.32079697,-0.6454794,-0.80694586,-0.5589931,0.1434124,-0.4604695
0.09163193,-0.61556673,0.46617156,0.9614465,-0.21893185,0.42108446,-0.794896,-0.72453725
0.05227624,0.5491816,0.12805884,0.05188894,0.6534317,-0.88581175,-0.33318827,-0.36169633
0.9061933,-0.22610693,0.07951613,0.8286979,-0.95802754,-0.29508513,0.77802086,-0.14315763
-0.16377784,0.33578095,-0.37891167,0.1585939,-0.39446497,-0.8556015,0.116415605,-0.36444223
0.9498316,0.20752493,0.32734147,0.008780254,0.4277987,-0.15456657,-0.6127081,-0.6909139
0.7842761,-0.5069667,0.3936507,0.2492761,-0.9205031,0.23076177,0.3215711,-0.14396057
0.6687002,0.1791451,-0.8282105,0.48915395,-0.88271505,-0.7278975,-0.1870614,-0.5384892
0.5155601,-0.20749603,0.69632924,0.4749894,-0.713965,-0.4068459,-0.54305816,-0.6981187
0.30722788,-0.04095087,0.77579504,0.40731046,-0.53225327,-0.9515988,-0.021582857,-0.42087537
-0.01733618,0.32068282,-0.10767445,0.31844705,-0.67934096,-0.72145057,0.37677148,0.039298315
0.4073903,-0.2585731,0.03016598,-0.024484925,-0.5665705,-0.71870875,0.38485354,0.34091294
0.24710926,0.5576507,-0.22669598,0.8782378,-0.75843656,-0.92842436,-0.15164508,-0.81130904
0.9087999,0.8988553,-0.15453225,0.9331657,-0.98267996,-0.774721,0.8997949,-0.2850999
-0.6065022,-0.13043089,0.108729474,-0.23842803,-0.97216827,-0.77579683,0.14435808,-0.10865981
0.65655476,0.59800565,0.23322526,0.8639773,0.61137986,-0.08650654,-0.6941825,-0.8910582
0.9374051,0.86783594,0.4554453,0.09859243,-0.80820453,-0.48157367,-0.9315969,0.2346708
0.50554115,0.86480165,0.3405043,-0.6615908,-0.15382348,-0.41416165,0.16372105,-0.925206
0.3362376,0.40826526,-0.8755029,0.7246486,-0.6574391,-0.2721129,-0.5547349,-0.65039754
0.028547775,0.8635744,-0.10495006,0.72823143,0.7097473,-0.3378456,-0.6025809,-0.9245117
0.7427889,0.8133534,-0.09295368,-0.38916638,-0.9043445,-0.6223886,-0.0029032745,-0.9389697
-0.3543799,0.0064146533,0.9007291,0.81534284,0.55897224,-0.8773217,0.59980947,-0.877139
0.04289711,0.8241277,-0.7317206,0.4455541,-0.62041676,-0.30327445,-0.48022813,-0.013757911
0.67050356,0.5598943,-0.55833554,0.9116677,-0.3688217,0.10183549,-0.48150414,-0.7393693
0.87520605,-0.02948785,0.33416125,0.849802,0.56832176,-0.88286173,-0.84082794,-0.38889724
-0.062140908,-0.20042187,0.6671698,0.5140675,-0.7090572,-0.28075773,0.9300837,-0.44434404
0.5760884,0.5876908,-0.3312933,0.10587385,0.49571308,-0.93450034,-0.26744962,-0.55193186
-0.58561873,0.6937929,-0.004454792,0.4868797,-0.8246413,-0.44572106,0.4910052,-0.46562356
0.5033189,0.07679435,0.8082188,0.45876372,0.675975,-0.54624826,0.018612083,-0.7689525
0.9702569,0.08384358,0.6142782,0.6165379,0.06480637,-0.35587922,-0.26637137,-0.74867356
0.16528507,0.10043427,-0.48379093,0.92438525,-0.9573178,-0.93815017,-0.29459223,-0.11965045
0.10537149,0.24698049,-0.54240525,0.4646644,-0.6067807,-0.9461956,0.70780146,-0.16253586
-0.49526626,0.051991656,-0.0016625806,0.727791,0.048325457,-0.6423478,0.58650553,-0.956933
0.65189815,-0.37723646,0.6300427,0.7602201,-0.34733406,0.31732145,0.4842202,-0.29647443
-0.1992214,0.7267106,0.098375365,0.12683176,-0.8327111,-0.80258346,0.5779712,-0.5751425
0.3533403,-0.37270057,0.22824994,0.8101261,-0.93707436,0.13525818,0.9140034,-0.7379972
0.6834197,-0.8068021,-0.5023739,0.35363,-0.9194707,-0.6031512,0.1492755,-0.80392915
0.80367833,0.59716964,-0.8548959,-0.8183401,-0.8308984,0.5665288,-0.5148713,-0.65261185
0.3116831,0.018009413,-0.13728319,-0.017198833,-0.01512141,-0.21068487,-0.25895056,-0.12987143
0.34651214,-0.15100695,-0.17154217,0.7859284,-0.85588056,0.954031,0.93914664,-0.44922355
0.5369747,0.7207185,-0.5808066,0.6167476,-0.0075753075,-0.910817,0.21935166,0.036087185
0.1399687,0.88222253,0.24035007,0.3123165,-0.10171586,-0.2253876,-0.3219001,0.20851548
0.9263731,0.078021124,0.69072485,0.036167428,-0.9764236,-0.2980119,-0.8716522,0.5710101
-0.6456287,0.34887055,-0.4188974,0.7863128,0.555155,0.06341212,0.20237136,0.053758185
-0.41946018,0.50063825,-0.21492171,-0.023494747,-0.74397993,0.99399644,0.12000886,-0.50713724
0.88409984,0.54213643,0.44999096,0.8030538,-0.94185364,-0.4715933,0.5669683,-0.13768682
0.5786546,0.03471987,0.11840049,0.19631733,0.07113938,-0.91169,-0.5323798,0.1451971
0.85980046,0.039698232,-0.645321,-0.8762201,-0.87616146,-0.85939765,-0.0005771964,-0.027819695
-0.39625248,0.31303757,-0.3357342,-0.077017196,-0.9691234,-0.6980524,-0.21605526,0.66233605
0.83539367,0.83007854,0.82474816,0.9868472,-0.87184966,0.1516571,-0.4269215,-0.94991994
0.2848191,-0.097741805,0.31490391,-0.045533206,0.7807919,-0.18083355,-0.07788228,0.15780848
0.8231642,0.8048146,-0.73527044,0.5747966,0.019353416,-0.7706795,-0.47922918,0.3632697
-0.049330246,0.73701644,-0.5165145,-0.3099767,-0.9132994,-0.5386793,-0.39538994,0.24338272
0.85720193,0.7085624,0.3227372,0.78637755,-0.63243425,-0.15672451,0.53101224,-0.6496073
-0.033202257,0.90753484,-0.943645,0.007556369,0.8939116,0.6975913,-0.4067862,0.09956707
0.85488045,0.46108723,-0.15771274,0.115758166,-0.015174416,-0.3730654,-0.79600704,-0.531983
-0.43126866,0.0024439048,-0.7395687,0.46962026,-0.72418547,-0.94067055,0.6483343,0.6341437
0.3737892,0.7961446,0.690233,0.8943378,-0.9294231,-0.78058594,-0.5746001,-0.03433951
0.43398133,0.7588964,-0.9588825,-0.382967,-0.44869637,-0.88810986,-0.016239805,-0.49092644
0.6878122,0.4914086,0.24075595,0.5090891,-0.6935331,-0.10832059,-0.78026676,-0.726727
0.6094763,0.17358708,-0.722314,0.5699588,0.12682891,-0.5195916,-0.43874255,0.6888686
-0.57822853,0.8975075,-0.31329942,0.01795701,0.19908606,-0.89938074,-0.6028497,-0.2174163
0.7978029,0.14887227,0.8820662,-0.035603847,-0.6125692,-0.46538585,0.014915299,-0.8495955
0.45230216,0.8639106,-0.39325067,0.068019375,0.75979334,-0.40859267,-0.81198865,0.39917186
0.313163,0.6275196,-0.74785584,0.46938816,-0.45722997,-0.3501683,0.85707676,-0.37717503
0.6654999,0.9593964,0.4568766,0.5225442,0.6815903,-0.4062449,0.44191918,0.5930051
0.5664838,0.053960964,-0.1556724,-0.35524115,0.3618197,-0.834406,0.06555818,-0.40654126
0.59259033,0.85320973,0.19552833,0.26201972,-0.7671572,-0.13019747,0.20382245,-0.031812895
-0.41607,0.27770305,-0.5942941,0.8852277,-0.2727278,-0.97039795,0.8945866,-0.73496366
0.51656574,0.9452969,0.4831761,0.8694924,0.8106814,-0.95267,0.8651451,-0.38295934
-0.16790138,0.106226556,-0.16352046,0.0185811,0.67096525,-0.21588229,0.73877263,-0.7657987
0.7292886,0.8073569,-0.26025465,-0.5794275,-0.13565478,0.5698217,0.9256034,-0.7601304
0.45635778,-0.10412439,0.53404564,-0.50830275,-0.27427948,-0.6997448,0.9590323,-0.9006303
0.8649649,0.1349885,0.6638079,0.70871156,0.7119479,-0.38740525,0.13824561,-0.8178447
0.49412903,0.34096634,0.10586853,0.6513038,0.22505413,-0.96172476,-0.56296265,-0.89406097
-0.018137641,0.6784622,-0.23640895,0.25994694,-0.72346574,-0.034740828,-0.08559738,-0.84109336
0.029214412,0.7161516,0.19114836,-0.37161294,-0.7816316,-0.94200224,-0.8797647,-0.27858794
-0.41331506,0.13485602,0.4775865,0.0005410015,0.92825305,-0.5421624,0.7703367,-0.22739935
-0.4673656,0.98327094,0.41771263,0.276038,-0.31561476,-0.8519463,-0.5302142,0.21661603
0.9644363,-0.35347313,-0.472906,0.3675444,-0.69619536,-0.6785157,-0.5675744,-0.79329866
0.95816,0.8526204,-0.64435387,0.7525575,0.49689785,-0.30257607,-0.65020645,-0.27161795
-0.55106354,-0.7132906,0.94569695,0.3042838,-0.10906734,-0.37362692,0.7662182,-0.7821051
0.3553062,0.6209059,0.84858894,0.5555886,0.01726,-0.065590315,-0.7793187,-0.6982583
0.8038865,0.5649166,-0.8250568,-0.13513021,-0.68153673,-0.972282,-0.0067678723,-0.85175
-0.47827515,0.92485,0.5390018,0.023987161,-0.5616133,-0.8657547,-0.8907437,0.044216275
0.6408031,-0.3213325,0.9309265,0.84576356,-0.7227497,-0.010182446,0.9656021,-0.7624363
0.77668935,0.6916966,-0.80047536,0.36909908,0.14342682,0.31554893,-0.8784456,-0.20946252
-0.5569812,0.9517023,0.61518025,0.5328042,0.12590997,-0.4838255,0.65813243,-0.19879813
0.54744446,-0.06647835,-0.4069172,0.61588335,-0.97838366,-0.9711733,-0.7982205,-0.5401825
0.97775143,0.8069356,0.7662479,0.67840326,-0.25762182,-0.8649374,-0.075785026,0.03996915
0.4852309,-0.79960483,0.70548743,-0.4814746,-0.73534817,-0.86088824,0.12181808,0.10920549
0.41993695,0.5552644,0.85172844,0.8165419,-0.53379476,-0.5670552,0.766489,0.100223064
0.565853,-0.60036165,0.9026227,0.6380135,0.8545321,-0.7394098,0.39495817,0.330801
0.37497815,0.38806024,0.67294943,0.6117345,0.03284521,0.122188896,-0.80922455,-0.81813455
0.59035736,0.7680862,-0.78664196,-0.5321452,-0.92736936,-0.58768475,-0.56348217,-0.8431514
-0.65383947,-0.75731647,0.374842,0.8460551,-0.7123912,-0.6478418,0.50773096,0.59576297
0.79419273,-0.48377466,0.17776406,0.3992425,-0.2951805,-0.3365883,0.62206364,-0.6993207
-0.9525969,0.6768971,0.28614324,-0.09808538,0.15178211,-0.8676586,-0.17380671,-0.7657981
0.45216656,0.017639238,0.8986392,0.19515467,0.046686005,-0.3442266,0.15628137,-0.72307456
0.21011169,0.37143412,0.217826,0.67534995,-0.9647123,-0.79162663,-0.11940789,-0.23518164
0.64666694,-0.4387491,-0.01658003,0.09528515,-0.97004783,-0.49252328,0.7943036,-0.52971584
-0.6227093,0.5455911,0.78934366,0.858433,-0.70990664,-0.6916316,-0.15722285,-0.6883194
0.84536815,0.7533089,-0.029735321,0.9180408,-0.7756533,0.1629465,0.9029614,-0.5361333
-0.56079984,0.8964538,-0.330846,0.64746845,0.39666188,-0.48115548,-0.76212853,-0.7566449
0.8446811,0.8185293,-0.6087342,0.8522035,-0.3091162,-0.69738746,-0.24669363,-0.77580416
0.40019107,0.48398554,0.00686295,0.8517324,-0.48255536,-0.7569423,-0.03330161,-0.8695557
0.064407654,0.7992598,0.32800916,0.7995601,-0.30434856,-0.20769897,-0.050155364,-0.79479945
0.014120057,-0.30907777,-0.27115792,0.8254981,0.30409727,-0.45750612,0.7212745,-0.72568
-0.72809374,0.8893938,-0.24164619,0.51479155,0.49944782,-0.60999477,0.4429949,-0.70812476
0.45473686,0.06328132,-0.19744407,0.71217203,0.92006546,-0.97967947,0.83405733,-0.18393315
0.7342502,-0.018231636,-0.5910758,-0.29015973,0.16271925,0.18919805,-0.021103736,-0.192798
0.19997603,0.70281994,-0.3843733,0.7876292,-0.3486022,0.31012434,-0.027819695,-0.61310005
-0.07315692,0.30819198,0.39506036,0.28209728,-0.18584369,-0.6613537,0.16755277,-0.7601695
0.027935507,-0.42557153,0.14203252,0.29822347,0.37243423,0.38896137,-0.54767025,-0.79243314
-0.015046832,0.62025756,0.49741456,-0.33457288,-0.4716717,-0.6276518,0.9121672,-0.9410445
0.5896923,0.0079924995,-0.49660212,0.45809665,-0.5586275,-0.5745661,0.10348896,0.20947936
0.112400636,0.34793326,-0.03491884,0.21442068,0.7698678,-0.1459539,0.33317417,-0.4205701
0.28147838,0.16237,-0.22697943,0.6155774,-0.842559,-0.54796374,0.90763205,-0.40083772
0.9116733,-0.35772124,0.8650714,-0.3514945,0.061681844,-0.24793334,-0.26120535,-0.80359846
0.5963999,0.387529,-0.82701886,0.95437235,0.22637725,-0.60100067,0.65948725,-0.73554385
-0.6277777,0.29618317,0.4080767,0.8131961,-0.14686686,-0.6084135,-0.8901844,0.704255
-0.23751424,0.8279699,0.60335046,0.32567024,-0.18280147,-0.71323574,-0.017869359,-0.7189901
0.6301992,0.8755164,0.15767369,-0.21595742,0.25219026,-0.44962424,0.9228774,-0.4731356
0.83256745,0.95747715,0.34027654,0.81462455,0.849844,-0.6372045,-0.16763921,-0.53504443
0.5270728,0.62956953,-0.7777122,0.9457903,0.64672637,-0.49032703,0.3408753,-0.8107834
-0.8893786,0.9043668,0.4748701,0.4574531,-0.918022,-0.97004193,0.18695237,-0.7002768
0.573919,0.12929079,-0.09884638,0.32753402,0.6029005,-0.62606657,0.6516075,-0.69701064
0.66478264,-0.4579906,0.22859326,0.14103977,-0.8755912,-0.48317927,-0.3023473,-0.72578657
0.52701026,0.79530764,0.80771416,-0.39202863,0.12365359,-0.94993025,-0.20431739,-0.04191094
0.9117275,0.817713,0.33650482,0.659859,-0.23246107,-0.12368719,0.37303948,-0.314619
0.44864884,0.81776416,-0.34414044,0.7752487,-0.65986806,-0.90252376,-0.59995747,-0.5658175
0.92259216,0.2751532,0.09002135,0.21421823,0.9544933,-0.30584425,0.8687965,-0.58166456
0.8428687,-0.56025016,0.9476036,0.6173755,0.14400174,-0.2618552,-0.3946501,-0.8014546
0.939703,0.971678,-0.18934108,0.91945016,-0.25794506,-0.40055618,0.5224247,-0.7789059
0.46543857,0.3783414,-0.5991839,0.9127239,-0.36640552,-0.8440974,-0.3181984,-0.44326076
-0.22484125,-0.29370278,-0.5816095,0.7170756,-0.7665853,-0.7736907,0.13025568,-0.39853644
0.5187111,0.8927478,-0.60296786,0.69677126,0.20817934,-0.52422005,0.035233695,0.45337537
-0.5745522,0.83506143,-0.10794758,0.96711504,0.36841887,-0.8454071,0.15986292,-0.90682817
0.4503423,0.8126436,-0.13351053,0.47636634,-0.104743,0.40318424,0.9210552,-0.5082989
0.35670295,0.974509,-0.044875126,0.8313516,-0.3885745,-0.908684,-0.117599174,-0.5593736
0.638297,0.8565788,-0.53266764,0.14829111,0.27670017,-0.1886161,0.045837805,-0.6509693
0.9246028,0.24544705,-0.10054897,0.9523276,-0.85433114,-0.9572203,0.15633745,-0.13902505
-0.3066436,0.92350006,-0.2904846,0.39702222,0.22826922,-0.8919392,-0.66615653,-0.2927342
-0.76347333,0.9345632,-0.8290507,0.8601259,0.62446535,-0.8315066,0.9678364,-0.7119123
-0.5093206,0.8486485,0.86723876,0.816525,-0.23537926,-0.29647073,0.23825842,-0.40679654
0.87519634,0.9869708,-0.6844772,0.49490422,0.28278512,-0.4530305,0.62815785,-0.3052213
0.8452222,0.6159743,0.4707784,0.49577212,-0.047820188,-0.6008593,0.80449736,-0.5278883
-0.074161425,-0.18513958,-0.47388676,0.962235,-0.9200125,-0.9801854,-0.3421422,-0.88626236
-0.33635765,-0.5456867,0.71411633,0.96693814,0.1279714,0.2101796,0.6464688,-0.63928545
-0.9014984,0.8863238,0.4590981,0.075582385,-0.94496137,-0.5851105,-0.66535914,-0.7438364
0.055900708,0.62898386,0.12153871,0.7037946,0.63318616,-0.5700278,0.19421212,0.009624184
0.60797143,0.8661318,0.34627685,0.89531505,-0.26419386,-0.4517049,-0.514122,-0.17714892
-0.08775868,0.8258722,0.70534253,0.39499208,-0.6446415,-0.743901,-0.91521806,-0.4285577
0.4222383,0.95197254,0.92498314,0.8880532,0.025725663,-0.50778055,-0.13842008,-0.87278473
0.4034263,0.91827685,-0.87627214,0.33762422,0.15195924,-0.9197782,-0.89698696,0.04353696
-0.8647089,0.9631838,0.07785998,0.66419256,-0.73824996,-0.83462834,0.8214086,-0.7608138
-0.4688902,0.5681103,0.5346747,0.6047352,0.35295212,-0.18273805,-0.07656802,-0.7298153
0.7021338,0.1609414,-0.7024933,0.77555513,-0.9833867,-0.9090822,0.4629898,0.47420084
0.3125152,0.9392284,0.8875413,-0.1385018,0.54403436,-0.7086638,-0.8632146,-0.2424211
-0.3005749,0.7623867,0.8784849,0.82827395,-0.22211745,-0.9631123,0.73237413,-0.73474
0.09367899,-0.025746437,0.7667259,0.4853726,-0.12976246,-0.6961709,0.8520194,-0.46539035
0.19193226,0.09466414,-0.5770992,-0.65612686,-0.8795169,-0.8427048,0.87754726,0.36937237
-0.42423266,-0.34626666,0.4064691,0.9355091,-0.04714132,-0.750382,0.120665245,-0.9814879
-0.31556743,0.0026657518,0.39102462,0.043452527,0.73410034,0.15577959,0.26926988,-0.521503
-0.4620004,0.5497779,-0.34531194,-0.42240748,-0.93742454,0.17989972,-0.92128855,-0.046302803
0.9884552,0.18209407,0.88793474,0.9160291,-0.6060815,-0.31567475,0.8536259,-0.33985853
0.2789087,0.43119597,0.20753461,0.9737357,-0.23100942,-0.9266081,-0.36694154,-0.28667113
-0.09290098,0.46697858,0.3960994,0.4170115,-0.52000165,-0.06382829,-0.030049097,0.579751
-0.11706155,0.7660908,0.5143503,0.9472992,-0.44246483,-0.6467674,-0.73254055,-0.831564
-0.3304399,0.67275405,-0.18484993,-0.56561434,-0.9391493,-0.8817294,0.63789535,-0.41592562
0.7479567,0.62263584,-0.43681124,0.83913124,-0.6956837,-0.18084057,-0.892952,0.28948343
0.27527606,0.6298336,0.80750716,0.44878295,-0.80390644,-0.5674205,-0.8422047,0.26234195
0.9806405,0.68340087,-0.4777655,0.25164583,-0.92127484,-0.6269573,0.46843702,-0.7963928
-0.35716796,0.7634882,0.97978437,0.5857236,-0.444387,-0.4621238,-0.7414446,0.58897966
0.8370396,0.7915995,-0.05761532,0.9217771,-0.5644928,-0.30901262,0.8199489,-0.90401185
0.50239193,0.7284689,0.38175955,-0.018890457,-0.6070739,0.15306318,-0.87409014,-0.50900716
0.46139267,0.8579849,-0.00012248755,0.60961366,-0.37860626,-0.7736753,0.088088,-0.004134512
-0.22241639,-0.77338386,-0.2205042,-0.27267742,0.23234838,-0.111139506,-0.12587294,-0.7870199
0.23220167,0.9383771,0.5234723,0.93891996,-0.45445892,0.047573153,-0.764715,-0.26563606
0.4939222,0.27102712,0.89967096,0.9423431,-0.8200215,-0.2791849,0.61562526,-0.61082613
-0.4670634,0.24276735,0.75021887,0.5572063,0.30502462,-0.8399395,-0.6703012,-0.8826492
0.70000523,0.96366566,0.75558126,0.7302758,-0.90051997,-0.8232803,0.729113,-0.40594223
-0.2641978,0.18637502,-0.2562093,0.56834996,0.43179768,-0.92164654,-0.23951033,-0.38960353
0.539189,0.14847742,0.42743286,0.7483736,0.46667433,-0.9561362,-0.073300645,0.21893314
0.479201,0.0909413,0.74344313,0.7320198,-0.12977552,-0.3467695,-0.5844815,-0.58699715
0.8227517,0.5713318,-0.45987302,0.967782,-0.77334523,-0.6399345,0.08243065,0.4222572
0.15191129,0.6307012,0.69906074,-0.07096857,-0.07593824,0.60598576,-0.23073578,-0.814254
0.9648977,0.6761262,0.17826064,0.8137549,0.24616258,-0.13064998,0.7292299,-0.97431815
0.061940193,0.4005633,0.78791803,0.8025711,-0.4154335,-0.3926546,0.73967826,-0.79960907
0.37086895,0.8311486,0.45058456,-0.13460773,-0.19821012,-0.79091054,-0.3810924,0.2171863
0.28040582,0.5966573,-0.55680346,-0.009797736,0.9295579,0.7950624,-0.10139638,-0.6768544
0.8053577,0.44237968,-0.034045566,-0.10052487,-0.8994747,0.19553195,0.9788793,-0.43051964
0.22752579,0.90823346,0.58769226,0.81456566,-0.14790852,-0.6784713,0.45283663,-0.46311468
-0.23493956,0.5845293,-0.117782414,-0.39142847,-0.24591959,-0.4478864,0.302428,-0.7322292
0.85288924,0.6533874,-0.07666548,0.6385135,-0.97715867,-0.17348288,-0.41919392,-0.35499847
-0.62213105,0.91166073,-0.7528702,0.061114915,-0.8931784,-0.9174711,0.6454294,-0.61725146
0.9042971,0.58706677,0.75080025,0.45931154,0.54552805,-0.18025753,-0.13172455,-0.6369981
0.3778893,0.62664956,-0.6573782,-0.7260864,-0.91974986,0.6233096,0.023040522,-0.29734102
-0.76830196,0.88706136,-0.76547974,0.9044795,0.5440699,0.50680524,-0.26131168,-0.913441
-0.03023537,0.052258644,-0.60812163,-0.30141506,0.728678,-0.20548221,-0.24279076,0.34999284
0.87907994,0.86802745,-0.4139743,0.097030945,-0.9176197,0.102084935,-0.60337865,0.7197865
0.7285598,-0.4990999,-0.559355,0.46553358,-0.97972244,-0.16151296,0.67750955,-0.78929067
-0.0120413145,-0.17494635,0.2787699,-0.1957687,-0.30289596,0.0227791,0.17505136,0.64253926
-0.234001,-0.26293588,0.18722989,0.37351206,0.83478403,-0.27860272,-0.4342892,-0.93616897
0.79940975,0.81250894,-0.104797706,-0.2506445,0.44266015,0.7719954,0.10119205,-0.546043
-0.12133404,0.6069058,0.3869705,0.85701525,-0.97428226,0.03740371,-0.3018827,0.88705593
0.3976117,0.7562111,-0.055471044,0.19478835,0.13139713,-0.15464371,0.70267844,-0.1520502
0.86556697,-0.93513,-0.93904376,0.779016,0.2863641,-0.9420003,-0.8676643,0.7682289
0.31847936,-0.16547015,-0.54298544,0.77898943,-0.80780184,-0.6497898,-0.38530833,-0.91537225
0.6920108,-0.48783576,0.87373775,0.87370497,0.5063776,0.046158735,-0.7234287,0.4255366
0.7646087,0.82321674,0.76834595,0.39369142,-0.5528307,-0.22437471,0.029356044,0.52546203
0.58044755,0.94407994,0.40164146,0.7816547,-0.069271386,-0.8966932,-0.6276722,-0.9855127
-0.12158051,-0.431677,-0.86072457,0.27727175,-0.3131058,0.8396847,-0.80435205,-0.4030323
0.39637408,-0.6875628,-0.8359617,0.56096184,0.71002436,-0.89385474,-0.95309585,0.28522724
0.035879344,0.32419536,0.4855235,0.008353814,-0.56294596,0.7450564,-0.0945052,-0.31284535
0.21781167,0.9028146,-0.40189993,0.97260576,-0.43286037,0.6175923,-0.06612022,-0.52816516
0.5397774,0.8275243,0.68314826,0.59084296,-0.17114227,-0.87343025,-0.38308114,-0.58228827
0.6075409,-0.2463503,0.24525307,0.5503355,0.028063735,-0.43187037,-0.8618108,0.29785165
0.5982369,-0.12618566,-0.8653947,-0.44185975,-0.24129704,0.6567304,0.84253263,-0.68504083
0.8453656,0.08145455,0.47990626,0.41595155,0.30071214,-0.53890693,-0.052631337,-0.5736191
-0.3828972,0.49577886,0.68403447,-0.14473416,-0.527112,-0.47787392,-0.7691639,-0.7026303
0.86325663,-0.23458739,-0.5820664,0.9047661,-0.42659327,-0.96136534,-0.23987173,-0.44311032
-0.40505412,0.6650113,0.3189138,-0.16216415,-0.2335627,-0.9341305,-0.4383005,0.49397203
0.5052481,-0.3395915,-0.17828135,0.13752998,-0.9647321,0.7324657,-0.38073105,-0.9482797
0.15056545,0.14730026,0.14640042,0.321959,-0.99398947,-0.9912287,-0.025013205,0.6014979
0.7741013,0.6204531,0.78050154,0.23335308,-0.64470565,-0.9028646,-0.5884886,-0.8965826
-0.8564446,0.47565988,-0.056764923,0.4514728,-0.48925772,0.656026,0.52685356,-0.7392076
0.9445504,0.9617489,-0.13871808,0.66941833,-0.54189366,-0.960061,0.14540583,0.22585359
0.13626331,-0.111604184,0.4618089,0.90132856,-0.80893266,0.34082672,-0.7570263,-0.23326367
0.6736021,0.05889138,0.5228757,-0.3179055,-0.60946095,0.068717316,0.5178759,-0.8506971
0.71699023,0.8822319,0.4430433,0.735964,-0.8450333,-0.5690298,0.31485254,-0.31850415
0.9493049,0.2993522,0.74017763,0.07337765,-0.32124847,-0.9317547,0.15585649,-0.8093484
-0.30973333,0.7857766,0.7860325,-0.49143067,0.9443539,-0.91141725,-0.69932747,-0.040800024
0.75775194,0.96325177,0.54992557,0.7692212,-0.9748155,-0.89970213,0.27991658,-0.90212333
0.6572466,0.07861642,-0.4632782,-0.13411255,0.46565577,-0.5008473,0.91704094,-0.75925773
0.51103055,0.66614205,0.85367376,0.705386,-0.7000561,-0.956981,0.72649765,-0.031420913
0.5784794,0.5648978,0.8265856,-0.21621197,-0.7900756,-0.86113167,-0.35084736,-0.2234752
0.80794936,0.929723,0.44659457,-0.02531923,0.6565807,0.2961884,0.6706742,0.26693976
-0.6822109,0.9030941,-0.84076846,0.84210825,-0.2708597,-0.700363,-0.10093897,-0.45196
0.6403779,0.5548403,0.1977776,0.9767394,0.5813662,-0.77941227,0.96970576,0.36535212
-0.26098293,0.31808144,0.820539,0.65179396,0.45514128,0.35834107,-0.31588647,-0.80511373
0.83313227,0.8015686,-0.3772369,0.48555765,-0.70213103,-0.96606416,0.7877222,-0.825176
0.7133711,0.8154928,-0.8715624,-0.6677977,-0.8697229,-0.45621476,-0.55320054,-0.857563
-0.55778384,-0.454185,0.9423491,0.7684761,-0.019005695,-0.13922828,-0.021987187,-0.81483924
0.72562814,-0.19147351,0.7951555,-0.29811093,0.8402029,0.11812034,0.7519052,-0.19188823
-0.37270775,0.13688597,-0.8241075,0.8881,-0.9802872,-0.66811717,-0.2929701,-0.82456607
0.6708813,-0.72021884,0.34333998,0.18565755,0.4000291,-0.66508234,0.5264967,0.16705455
0.072048806,0.28156152,-0.52205503,0.54074854,0.026024068,-0.5613276,-0.899601,-0.7335627
0.6585978,0.8895983,0.67121166,0.0573785,-0.90083027,-0.5939029,0.63130546,-0.6961196
-0.0014318815,0.053279787,-0.44117543,0.8910599,-0.89955205,-0.91237336,0.10698551,-0.25722507
-0.43706003,-0.7870725,0.78911006,0.49789965,0.7380005,0.5373757,0.13817817,-0.75170755
0.6530379,-0.09703732,0.32566,0.43038526,-0.8553769,-0.8472526,-0.9197218,-0.80228734
0.50464046,0.9401094,-0.57626545,0.45598465,-0.0107619185,-0.91754556,-0.25603116,0.1029896
0.87483853,0.58828956,-0.05471978,-0.9097075,-0.92132765,-0.47064257,0.31776688,-0.22358036
0.8365447,0.4421154,0.96126884,0.9055449,0.2104937,-0.9436163,-0.1733586,0.1397689
0.75206745,0.16984735,0.8448788,0.6465303,-0.50472564,-0.25200504,-0.75808316,-0.71592945
0.18325624,0.8040824,0.096882604,-0.47139707,0.7329918,-0.5714592,0.5583811,-0.7867585
-0.1756653,0.75503737,-0.131391,0.88407695,-0.8381464,-0.8075335,0.95194733,-0.3328174
0.4718079,0.89283365,-0.17674933,0.474831,0.7317473,0.21756911,-0.8458873,0.09075971
0.3377919,0.82494366,0.11473994,0.49303493,-0.85612667,0.7755586,0.08783808,-0.7041968
-0.28847665,-0.20654346,0.39697352,0.61394036,0.6868521,-0.78578186,-0.60926723,-0.9583465
0.9876907,-0.6508528,0.43475834,-0.20421794,-0.7604197,-0.85784656,-0.29920784,-0.2632358
0.13481256,0.9408639,0.52671653,-0.646855,-0.35921782,0.08228567,0.5723254,-0.73855674
-0.4631697,0.5157594,0.71686375,0.060112808,0.43224528,0.61053336,0.7449701,-0.35170996
0.114758834,0.076609105,0.7239336,0.5569263,-0.28773335,0.68339634,-0.18160044,-0.052397143
0.86508286,0.1414681,0.17272338,0.5596826,0.12084702,-0.7808007,-0.024256812,-0.26149517
0.03569811,0.9063296,-0.3927099,-0.061412457,-0.5357295,-0.08525239,-0.15600313,-0.68219197
-0.89985824,0.6446545,0.66059303,0.65051556,-0.6915685,0.51585656,0.66034347,0.3269213
0.14294755,-0.07208696,-0.1723084,-0.52358246,-0.6649778,-0.7413399,-0.051336423,-0.078124054
0.8002343,0.6422437,0.42270142,-0.24442795,0.5332035,-0.57555497,-0.28721976,-0.92839843
0.50406736,0.38389218,-0.37870923,0.3658333,-0.7341944,-0.96380204,0.5216145,-0.24065444
0.50666016,0.60546887,0.69336975,0.24088496,-0.8829971,-0.8286326,-0.33521283,-0.5056423
0.4704506,0.19589445,-0.6742804,0.60986674,-0.2229333,-0.75525284,0.41484082,-0.24776013
-0.23979157,-0.29767486,0.8493094,0.43377918,-0.5780782,-0.78428507,-0.85709727,-0.23298688
0.50705016,-0.054701775,-0.65211105,0.18858036,-0.37379745,-0.8858211,0.63370204,-0.2867123
-0.42283407,0.5753089,-0.05570301,0.69171196,-0.8785472,0.24598247,0.37867495,-0.39190555
0.13602234,0.8263391,0.8702143,0.43331015,0.019011635,-0.5816437,0.9022313,-0.76663727
-0.33919668,0.8831087,0.20815328,0.76277155,-0.6216915,0.72372246,-0.9485438,-0.645862
0.9368269,0.362946,-0.595933,-0.17167285,-0.3281086,-0.5789586,0.9256752,-0.84277797
0.62726223,-0.735705,-0.51191837,0.41505364,-0.53859985,0.41547054,-0.64866215,-0.7592388
0.7414051,0.8890532,0.4850284,0.4422981,0.63684285,-0.7388034,0.635706,0.23905945
0.10670585,0.52417827,0.9848634,0.34900618,0.23442923,-0.52750236,-0.2892424,-0.20444213
-0.028358007,-0.5020894,-0.67571354,0.61215866,0.23057367,-0.9887056,0.6336145,-0.13631576
0.9386233,0.91855747,-0.103113644,0.9774442,-0.78579736,-0.7950411,-0.29489243,-0.14782368
0.3314804,0.20206526,0.8678122,0.58614093,0.8998529,-0.39140278,-0.13139448,-0.3271259
-0.23103064,-0.083967574,-0.44743514,0.039455812,0.6667781,-0.14142644,0.35868946,-0.095848106
-0.45236805,0.6411967,-0.50205135,-0.32080507,-0.30475658,-0.04647338,-0.76958203,0.0736329
0.8282313,0.87817174,0.8924735,0.90101826,0.09505936,-0.40131223,-0.19357583,0.35609758
0.52898544,0.40311497,-0.68197703,0.8472057,-0.28201658,-0.626757,0.7198907,-0.8909375
-0.52997655,-0.2753547,0.43503886,0.8553634,0.7166699,-0.8050324,-0.86543167,-0.2801998
-0.25163147,0.6773928,0.27234972,0.7833039,-0.27594408,-0.9510806,0.8501195,-0.54197
0.7234036,0.8283113,0.45247412,0.56359357,0.49683914,-0.87911344,-0.9367862,-0.33952
-0.5758925,-0.7482965,-0.81523037,-0.26935485,-0.27079207,-0.8542786,0.016971717,-0.8762409
0.7862936,0.0469355,0.831268,0.17367032,0.08768994,-0.6019626,0.33538306,-0.41159555
0.5996687,0.91451347,-0.7175738,0.4089421,-0.9371982,-0.6762406,-0.7696302,-0.61931235
0.93183434,0.16620007,0.19475202,0.6697972,0.5015274,-0.91194785,-0.50072646,-0.20058365
0.19804391,-0.28843746,0.5709009,0.78753066,0.4432618,0.17992532,0.23590659,-0.7789534
0.6485418,0.5898232,0.62554485,0.7942301,-0.69757783,-0.46901852,-0.6801797,-0.3785888
-0.67681444,-0.5201841,0.6708734,-0.3658002,-0.55154014,-0.07529258,-0.20302941,-0.56744266
0.89316726,0.1433755,-0.5120662,0.54134315,-0.24733457,0.2893932,0.85094666,-0.55210984
0.94814044,0.25222555,0.3371164,0.18860175,0.1251734,-0.9422184,-0.8962504,-0.03319063
0.8511075,0.82977474,0.38985464,-0.5639841,0.17786202,-0.801656,0.11166755,-0.27293983
0.8118073,-0.23011717,0.25107783,0.43391263,-0.89458317,0.6293155,0.6838021,-0.9584559
-0.4902778,0.98085624,0.7027199,0.8725414,0.716052,-0.96619076,-0.5273237,-0.7436722
0.59128314,0.50209415,0.60322344,0.16337778,-0.49454919,-0.10734416,-0.28216976,-0.70344067
0.8657625,0.40647116,0.4795786,0.78840864,0.64599526,-0.5952307,-0.8498644,0.65841174
0.5308847,0.20231678,-0.8894382,0.9338702,-0.14094721,-0.81238693,-0.09200793,-0.2299831
0.5100904,0.22630374,0.95758784,-0.5223996,-0.61316454,0.19710733,-0.56450045,-0.96411633
0.8814893,0.39603537,-0.05020878,0.8093236,-0.4616029,0.57590336,-0.018977212,0.2625463
-0.26870972,0.76868635,-0.4485679,0.8916188,0.073348716,-0.8501567,-0.68188775,-0.08623589
-0.49686995,0.03368822,-0.09202705,0.63996536,0.30488017,-0.62948376,-0.3833592,-0.28909644
0.43159536,-0.24845386,-0.42597693,-0.2334271,0.6063058,0.051367123,-0.8306916,-0.8141738
0.46071023,0.49482536,-0.3177022,0.9740035,-0.20465328,-0.6532496,-0.63618594,-0.6572529
-0.4666916,0.21029212,-0.30119362,0.05977868,-0.69403124,0.12560792,-0.46197075,-0.3259273
-0.4185276,0.1974187,-0.5502379,0.71454227,0.7281585,0.17222756,-0.83072907,0.14571702
0.2581751,0.22198799,0.6159824,-0.117891654,-0.68553907,-0.6932306,-0.92195463,-0.9556668
-0.34999752,0.16676089,0.18270826,-0.4407186,0.61811876,0.9831873,-0.4359713,-0.7663728
0.78064454,0.04618819,-0.73502904,0.75860155,0.0008958576,-0.8153539,0.7028861,0.61380064
-0.32364473,0.87492096,0.86489975,-0.114712715,-0.2630319,-0.7746925,-0.9133456,-0.9456159
0.18145677,0.7841821,-0.8892241,0.3008532,-0.8287635,-0.27028093,0.16647576,0.10982331
-0.12730469,0.14936906,0.56846535,0.7599993,-0.8912597,0.35104355,-0.1576232,0.23673244
0.091357306,-0.15576835,-0.8364846,-0.4063228,-0.26800615,-0.3563234,-0.84642124,0.5309934
0.45374238,0.70310843,0.9826808,0.8184622,-0.33391184,-0.69535685,-0.9446215,-0.85256505
-0.34782863,0.30520898,-0.7118791,0.929294,-0.2641267,-0.8120646,0.49994183,-0.8625413
0.1954689,0.75648576,-0.029330391,0.40563858,-0.82632935,-0.8480257,-0.8291905,-0.93090916
-0.16019683,0.52554613,-0.004467204,0.24287862,-0.90829164,-0.4741444,0.3270093,0.17566296
-0.9300592,0.5142938,-0.07752549,0.86331475,-0.94840556,-0.53923845,-0.44261622,-0.9717042
0.33711278,0.3616844,0.4744472,0.7528111,-0.94335026,-0.83804786,-0.49357116,-0.735152
0.19839793,-0.41708592,-0.50847083,0.6968593,-0.92563754,-0.86099017,0.52587605,-0.93943745
0.5039378,0.6341181,-0.630057,0.22604856,0.15171716,0.14833595,-0.7916827,-0.4821053
-0.024061881,-0.1248414,-0.04832277,-0.49161908,0.30700064,-0.10905824,0.095950745,-0.7783757
-0.7270411,0.79550135,0.7107728,0.24553527,0.08043506,0.25685257,0.48624185,-0.35671175
0.8777733,0.046584778,-0.28208748,0.5753192,0.50671935,0.16837186,-0.55249876,0.24563278
-0.3513241,0.7406548,-0.65158284,-0.18426095,0.5168153,0.010715378,-0.32817593,0.27899423
0.20763873,0.40963042,0.07310785,0.42916465,-0.65128005,-0.90300083,0.09241132,-0.8266053
0.4085663,0.8394998,-0.74373424,-0.016838448,0.038221307,-0.36125994,-0.26042348,0.44485205
-0.9375576,0.95121497,-0.049838047,0.52837557,0.57573783,0.6356765,-0.27172536,-0.8786279
-0.16353954,0.41316834,-0.6706998,0.008818428,0.030603983,-0.8150068,-0.77092916,-0.92098945
0.7360845,0.9472428,0.5601144,-0.5762702,-0.25649884,0.715189,-0.43953705,-0.9755547
0.47037226,0.8705885,-0.87075245,0.8832755,-0.027814945,-0.6375667,0.6497805,-0.9042734
0.2697698,-0.25539008,-0.8745612,-0.058361772,0.38878375,-0.81368184,0.6934947,-0.6442546
-0.7661027,0.8036151,0.65196466,0.38807267,-0.03749622,-0.29027626,-0.63664967,-0.53704196
-0.8098185,-0.6496612,-0.9291141,0.16478924,-0.90113264,-0.07762318,0.33560574,-0.5276269
-0.4770022,0.3536373,-0.18748611,-0.2383245,0.8041697,-0.47914422,-0.47406173,-0.63134277
0.76165056,0.616203,0.27989855,0.96087855,-0.4692984,0.7481438,-0.61263776,-0.4530299
-0.55234754,0.6052234,-0.7140121,-0.71754724,-0.25590345,-0.35461837,0.58311284,0.28346255
-0.7587611,0.8741126,0.14299275,-0.33684537,-0.38658798,-0.68688667,-0.8334839,-0.725211
0.8753934,-0.063054055,-0.86425066,0.476124,0.5101898,0.6518297,0.5634865,0.013826741
-0.642856,0.64538866,-0.023826709,0.0017896574,-0.87346566,-0.84287685,0.7926363,-0.008623029
0.64779794,0.3687602,0.14053637,0.72452044,-0.7290652,0.48741442,-0.89775836,0.0901964
0.30482075,0.21557122,-0.4746912,-0.1702548,-0.80234003,0.52288723,-0.22688445,-0.6883513
-0.7505093,-0.03870871,-0.37753317,0.8275995,-0.9119819,-0.15839615,0.6504713,-0.6174324
-0.007289333,-0.47237936,-0.27420324,-0.77837336,-0.2756198,-0.009512257,-0.7039346,-0.38754305
0.43331945,0.8901423,-0.72734785,-0.15618084,-0.69723815,-0.5095465,-0.44537258,-0.68267757
0.29006943,-0.7786113,-0.6236713,0.640619,0.07185325,-0.2343034,0.4347872,-0.63886434
0.018009651,-0.39466667,-0.7643334,-0.49609494,-0.92749184,0.640558,-0.89370716,-0.7792061
-0.37085298,0.80564976,-0.11315908,0.68782103,0.56487465,-0.6589262,-0.69339025,0.092973955
0.20616572,-0.49959746,0.8602371,0.65050954,-0.77735895,-0.6068933,0.08189618,-0.96593493
0.28443092,0.7661126,-0.20639952,0.8486849,-0.57230014,0.20178173,-0.8354596,0.14933988
0.6421879,0.7517242,-0.7832169,0.89354885,-0.25381592,-0.67039764,0.83636314,-0.7490884
-0.9262794,-0.67507255,-0.38877782,0.5296445,-0.20848843,-0.62252915,0.7148761,-0.5990086
0.66036296,0.68633795,-0.1541093,-0.3023315,-0.32213867,0.85121167,-0.8559296,-0.97597444
-0.4700249,0.5822971,-0.91934866,0.5635116,-0.0051923525,-0.6839903,-0.07590627,-0.7987391
0.27820227,0.7245604,-0.7687776,0.7242838,-0.36227384,-0.23497991,-0.41268694,-0.7194208
0.6516966,-0.07254624,-0.86801,-0.24081643,-0.06943265,0.73306245,-0.05372758,-0.93753487
-0.7305286,0.8429628,0.532817,0.42854485,-0.71270525,0.14470941,-0.71058214,-0.42872006
-0.62232935,-0.07651507,-0.94919527,0.6497107,-0.75075924,-0.43288547,0.76920843,0.22112742
0.05573113,-0.18711032,0.36851382,-0.035396148,-0.80646145,0.994757,0.018794365,-0.09937964
0.4676846,0.7652009,0.35560095,0.7229376,-0.78675747,-0.621804,0.8135413,-0.56671345
-0.82125354,-0.09413542,-0.062451553,-0.14428073,-0.09026529,0.6829867,-0.7921537,-0.49336627
0.4656807,0.59537035,-0.04893397,0.81000805,-0.8738287,-0.5919548,0.1591916,-0.516114
-0.21697341,-0.5468733,-0.75452876,-0.48707214,-0.54714215,-0.019479254,-0.050827477,-0.64512396
-0.7331208,-0.0521079,0.120238714,0.84350306,-0.6024207,0.8597553,-0.5815012,-0.72479963
0.6720587,0.59784424,0.23104802,0.28601155,-2.2828579e-05,-0.53471607,-0.686321,-0.10786287
-0.5913973,0.6337601,-0.14944275,0.1028237,-0.7290623,-0.35166264,-0.6696435,0.016322445
-0.90008,-0.34637946,0.15003154,0.7490678,-0.8690764,0.53106457,-0.06045269,0.3854587
0.017069535,0.66065544,0.5791124,0.5515253,-0.71984637,-0.5474405,-0.108124174,-0.6612086
0.15700945,0.7108666,-0.7742152,0.36895752,-0.8644009,-0.4163367,0.40122166,-0.6552491
-0.51589334,0.5949456,-0.7836514,-0.18466903,-0.35189572,-0.85431635,0.2261237,-0.18207753
-0.56326795,0.6355052,0.7500228,0.32762623,0.86848766,-0.5795375,-0.7586453,-0.79416555
-0.61499244,-0.235272,-0.90662116,0.0922802,-0.23105028,-0.41683608,0.33514327,-0.23875646
0.29701242,-0.16380373,-0.20073314,-0.46494892,-0.5408368,0.20943685,-0.55091566,0.11282476
-0.45336145,0.32490978,0.3414874,0.022629866,-0.75771886,-0.60043824,0.8927806,0.7198206
0.88269365,0.63985026,-0.8055878,-0.003923873,0.52166986,-0.17951171,0.05751328,-0.83279896
-0.21454708,-0.34490287,-0.4028092,0.8283504,0.30819649,0.66314495,0.07338605,-0.7106788
-0.43106842,0.6445885,-0.777441,-0.3507313,0.6995324,-0.9606391,-0.20895666,0.56974965
0.25919893,0.38015458,-0.05404763,-0.0030610615,-0.8505087,-0.73724806,0.6185887,-0.75792027
-0.19692731,0.29139915,0.16638985,0.32514903,0.33831444,-0.59592444,-0.5026259,-0.9700473
0.8930505,0.19428934,-0.92211527,0.01207854,-0.49827555,-0.9496901,0.9822546,-0.3688945
-0.098674566,-0.05585377,0.12874442,-0.07443464,-0.7330345,-0.8221428,-0.7219926,-0.40529454
0.047872335,0.47015417,0.39378086,0.400582,0.80320674,-0.65576994,0.8742031,-0.1703349
-0.78008777,0.7320868,0.6094318,0.3577765,-0.36484155,-0.7844344,0.8351588,-0.87243605
-0.59003544,-0.2335487,0.011866862,0.7564529,-0.006519881,-0.5574471,-0.7768116,0.0009496805
0.41851375,0.33188447,-0.30841348,-0.4442327,0.08297778,-0.7405863,0.6963955,-0.41292652
-0.2585864,0.34425652,-0.3081228,-0.069500156,-0.59528863,0.69370496,0.44831932,-0.9272744
0.08290062,0.60440254,0.31542376,0.2817973,0.33585152,-0.3209304,-0.034899063,-0.98345244
-0.9155354,0.8347794,0.25182858,0.84456474,-0.08640836,-0.93678725,0.6579983,-0.7040655
0.14055632,0.7789195,0.41049916,-0.7520509,-0.53253025,0.8305027,-0.21577522,0.61787665
-0.44531623,0.09319985,0.44107294,0.36002794,0.28637248,0.59606946,-0.7462232,-0.8724378
0.12721467,-0.27903044,0.12511943,0.10425647,0.060322512,-0.87326777,-0.80503225,-0.42984432
-0.12703611,0.74617195,-0.7826119,0.36956963,-0.98913836,-0.9277049,0.9901183,-0.5178543
-0.79735947,0.97589386,0.95377284,0.54431415,-0.9370707,0.4199203,-0.441276,-0.9708571
-0.24375875,0.8986965,-0.6512116,0.47452,-0.9717711,0.616199,-0.5980115,-0.75299746
0.30090392,0.1007889,-0.87698424,0.42645952,-0.19967094,-0.2801682,0.6447095,-0.5076736
-0.8901634,0.8672203,0.29206616,0.5441779,-0.6489926,0.45771587,-0.60254073,-0.7582662
-0.14992346,-0.099345215,-0.52338886,0.8904326,-0.7808496,-0.7827263,-0.08021296,-0.021771567
0.5829636,0.7736785,-0.8917817,-0.5588853,-0.8842357,-0.52975965,0.06718259,-0.18391846
-0.020420387,0.4880358,0.18055344,0.7989618,0.84133583,-0.62372106,0.76694447,-0.742087
0.6784353,0.34228688,-0.11424919,0.14701042,-0.77684176,-0.9587596,-0.53574044,-0.70442474
-0.94293594,0.44750825,-0.7529502,0.701419,0.30938837,-0.9406313,-0.028131422,0.15254913
0.7674244,0.5223143,-0.52307063,0.90802264,-0.5620209,-0.6257113,0.47171283,-0.7076094
0.61821705,0.55109495,0.184753,0.74503803,0.9636392,-0.5904084,-0.21926227,0.21873184
0.35582712,-0.88088405,0.06675277,0.16383006,-0.755993,-0.6919864,0.60247755,-0.78498495
0.7009574,0.23889889,0.052475963,0.07461954,-0.38012862,-0.82095385,0.3864417,0.22491403
0.09087476,0.80322176,0.48311177,-0.65759736,-0.062313613,-0.79903024,0.6498599,-0.87501067
0.81720936,0.033404946,-0.6088629,0.63848126,-0.808559,-0.94384265,0.10567268,-0.8703818
0.63655794,-0.571164,0.94392914,0.57319295,0.29788655,-0.93458205,-0.42847922,-0.11369539
0.43825987,0.5031559,0.3375923,-0.7405993,-0.777357,-0.49594548,-0.66983604,-0.6915977
0.68750733,0.682373,-0.48671255,0.98433435,-0.49257317,-0.9718991,0.52897024,-0.66943145
0.17859325,-0.89717066,0.7383089,-0.3226231,-0.43909705,-0.96799976,0.7501503,-0.1693262
-0.56548107,-0.8877271,0.86784065,0.8239856,-0.7524182,0.053830337,0.36866522,-0.95130473
0.48097005,0.9138176,0.085639134,0.7850441,-0.6167165,-0.6037954,0.09396851,-0.71181476
-0.1542749,0.9075408,0.16691318,0.90139645,-0.6644716,-0.8557591,0.07927684,-0.05355094
0.95454067,0.49609676,-0.15713152,0.74030364,0.6882038,-0.8066006,-0.11063411,-0.96980745
-0.77452207,0.92108136,-0.8751732,0.55011916,-0.9337435,0.2626797,0.54829526,0.49888703
-0.77973753,-0.32323545,0.6175346,-0.3434737,0.6676409,-0.82696843,-0.4115202,-0.2933264
0.3692613,0.6567341,0.86041385,0.65217435,-0.650664,-0.4988929,0.6517315,-0.8879862
0.6606443,0.64381427,-0.6397773,0.24208808,-0.83979964,-0.57229877,0.45841235,-0.2189642
0.4906493,0.7479802,-0.0876515,0.094041474,0.13477026,-0.1498923,-0.33994895,-0.41521388
-0.11669324,0.25169492,0.37198353,0.8422997,-0.91564083,0.39308184,0.94153136,-0.12653095
0.9056392,0.8250948,-0.529868,0.812999,-0.7343267,0.62081987,-0.4240472,0.014462982
0.46080932,0.79922044,-0.2022368,0.7522281,-0.25753242,-0.9517222,0.60369873,-0.5008796
0.7881452,-0.1951751,0.6376973,0.34791914,-0.32956517,0.25504094,0.8563607,-0.72333807
-0.074925885,0.46058193,-0.12318306,-0.24757276,0.19282125,-0.94595176,0.4829656,-0.7202748
-0.41415194,0.8553628,0.17775998,-0.27418745,0.7800504,0.8196618,0.13589898,0.42227566
-0.5218533,0.61930907,-0.67357206,0.58114207,-0.9250766,-0.8514658,-0.7063149,-0.3079128
0.8730446,0.9054334,0.65574276,0.11206353,-0.2069548,-0.8652531,0.7243103,-0.9705455
0.8429456,0.32255283,-0.93692666,-0.6497938,0.28856236,-0.33695036,0.79608643,0.17862736
-0.622715,0.7358663,-0.5095999,0.117672116,0.47838393,-0.061482195,0.513163,-0.872446
0.062421426,-0.10115468,-0.73138857,0.32247552,-0.91504896,-0.42961696,0.5654098,-0.9260571
-0.8751839,0.8952351,0.07203122,0.25440526,0.84341305,-0.7084471,0.66569686,-0.38435277
-0.05671589,0.21512702,-0.071793154,0.82670623,-0.26525643,-0.030344168,0.6027199,-0.97909313
0.9001924,0.82893956,-0.36833882,-0.56498265,-0.6797217,0.18684962,0.8087105,-0.8752444
0.20886332,-0.40250877,-0.7482171,0.89154685,0.6051576,-0.94189423,0.5607361,-0.7843429
-0.41149646,0.9487527,0.407602,-0.2893247,0.02467766,-0.60084844,0.9958346,0.1577468
-0.41103455,-0.0542503,-0.68162835,0.71682906,-0.9087082,0.5153332,0.34889656,-0.87640345
-0.89612633,-0.24446028,0.037071668,-0.37473625,-0.6811923,-0.75902736,0.80556506,-0.84445375
0.43926948,0.38450453,0.5231226,-0.2936656,-0.568846,-0.7580652,-0.28710118,-0.5127975
0.34563884,0.71803004,0.2508385,0.9720771,0.10914513,-0.26464036,-0.78588796,0.2996801
0.21020575,0.60840595,-0.38000116,0.25267357,-0.16092448,-0.1822211,0.28851983,0.036784973
-0.48696747,0.871617,0.13114999,0.96685493,-0.69266576,-0.74943036,0.66421294,-0.6685946
0.16365995,-0.35775647,-0.36317652,0.08696787,-0.40961656,-0.0074380455,-0.42907476,-0.6589124
0.8497553,0.6392987,-0.35422894,0.18461971,0.08012729,-0.06895312,-0.5013047,-0.9629262
0.12681888,0.13162406,0.022483002,0.45581898,-0.8037793,0.31907356,0.2599105,-0.33611184
0.6026609,0.55806357,-0.4236188,0.85095483,-0.66560847,0.030301174,0.13545929,-0.64125013
-0.0072593605,0.49808335,0.472259,0.05556918,-0.8777221,-0.5528267,-0.6415528,-0.5348724
-0.045944717,0.11431795,0.7151146,-0.117167585,0.81827813,-0.55557716,0.932465,-0.8635315
0.5640892,0.46553686,-0.9560009,0.28871092,-0.6857775,-0.9151906,-0.41117275,-0.53262204
0.30769554,0.50797296,-0.23484997,-0.9430791,0.7858107,-0.56628376,0.8640316,-0.8939324
0.94640404,0.5803928,0.4258259,0.6289388,-0.6967224,-0.4587866,-0.45154554,-0.5186813
0.035421774,0.5384073,-0.06052474,0.17913057,0.64881516,-0.92506677,-0.8127288,-0.29842955
0.7911297,0.1107078,0.4975002,0.6698843,-0.60102737,-0.72897834,0.5999186,-0.8530392
-0.57044697,0.14626735,-0.85238314,-0.0093921935,0.7000903,0.31246927,0.36232513,-0.34103847
-0.7158458,0.1404014,0.3184028,0.9061908,-0.32974142,-0.10962898,-0.116003394,-0.9202577
0.7307122,0.8320136,-0.44708413,0.83801234,0.123872355,-0.25155625,0.28378993,0.00580954
0.71029425,0.8676885,0.57011634,-0.08361243,0.3760577,-0.538005,-0.1720733,-0.7893319
-0.057907898,0.6167668,0.5483167,-0.23884499,0.14667971,0.03406394,0.8743886,-0.17507312
-0.1304312,0.28545916,-0.4558036,0.7222427,-0.12813327,-0.7059487,0.15401687,-0.3403878
0.7438779,-0.36267427,-0.63575196,0.2692359,0.6771106,-0.7049948,0.7831478,-0.94838095
-0.21592222,0.97978956,-0.69239545,0.69881076,-0.32643062,-0.61181587,0.5026181,-0.61012375
-0.34506863,-0.19448544,0.33504447,0.3347473,0.576658,0.67598116,0.15878642,-0.8082308
-0.08885226,0.39262062,-0.45450452,-0.35993502,0.24293372,-0.5331447,0.024798464,-0.58534765
0.83420914,0.88974184,0.86604017,0.77028716,-0.7656105,-0.83386624,0.04112623,-0.73902833
-0.46394226,0.57041764,-0.88751626,0.59547853,-0.075113356,0.7309805,-0.43798256,-0.79706395
0.91309017,0.41626197,-0.18913013,0.5720329,0.6490974,-0.23342294,0.28153238,-0.7946186
0.9740519,0.66963446,0.88287675,0.21156959,-0.9304713,-0.8210822,0.94568086,-0.7197696
-0.5021207,0.7260705,-0.3443833,0.6476207,0.9412778,-0.7021084,-0.5247295,-0.862303
0.8822281,0.22983296,0.5563601,-0.21300289,-0.9634572,0.0688951,0.53728926,-0.80477446
-0.03691518,-0.6523142,-0.13800895,0.8449613,0.52796346,-0.75749326,-0.0067158225,-0.45388028
0.13829455,0.777879,-0.7097012,0.91142297,0.39638168,-0.6475264,0.685162,-0.055650733
-0.49812588,0.65665424,-0.5336064,0.55101824,-0.79467165,-0.3492694,0.07445704,-0.3469061
0.067116894,-0.11287369,0.6911439,-0.11389428,0.25413692,-0.47625542,-0.72960997,-0.59535235
0.8752461,0.6490437,-0.4491662,0.4616865,-0.6993116,-0.441433,0.33687094,0.2635168
0.8469447,-0.14464718,-0.5796194,0.34800255,0.19336872,-0.6053734,-0.3258704,-0.10275512
-0.48720804,0.41662556,0.7168398,0.06934765,0.18655759,-0.9365839,0.7372905,-0.34630972
0.527521,0.38693997,-0.7710931,0.9102057,-0.7941685,-0.9742932,-0.49480322,0.24879715
-0.038157236,0.74821675,-0.8074219,0.7941598,-0.37160572,-0.7941422,0.13547532,-0.6767274
-0.22345732,-0.24367003,-0.44119692,0.7472381,0.15916286,-0.3479631,0.41851872,-0.34679165
-0.86599946,0.93487173,-0.7987839,0.36068016,-0.6981106,-0.6182817,-0.35720545,-0.523067
0.17274809,0.64625996,-0.004294041,0.4168853,0.6442412,0.47396958,0.7612548,-0.850475
0.6461184,-0.1640602,0.5623143,0.05618027,-0.51322955,-0.8889262,-0.91260076,-0.70742273
-0.6624148,-0.47828478,-0.32966074,0.6258264,-0.7781816,-0.2814962,0.4628772,-0.87440497
0.11772607,0.9777922,-0.104921386,0.8972082,0.9491087,-0.7226647,-0.38327017,-0.43901905
0.1672179,0.94021255,-0.20913334,0.67345685,0.21572731,-0.6404648,0.65491176,0.7077805
0.6626769,-0.7238835,-0.39849836,0.46825305,-0.35924464,-0.5650015,-0.46294186,-0.861623
0.3381742,0.5470453,-0.19122443,0.73479575,-0.7978977,-0.8705703,0.08375131,-0.89212036
-0.58985114,0.89182776,0.3923301,0.31213158,-0.41453087,-0.8865481,-0.29929957,-0.25260332
0.7257583,0.52864444,0.13734055,-0.44857222,0.8463012,-0.7679415,0.87483996,0.9531747
0.8318027,0.43806696,0.45817217,0.8802515,-0.33730012,-0.19539449,-0.7325889,-0.80089366
0.53901625,-0.1605576,-0.11942782,0.20881805,-0.7321643,-0.9748145,-0.5011427,-0.60877764
0.7999823,0.33489844,-0.68585175,-0.13503483,-0.90060186,-0.9300879,-0.5713595,0.26245403
0.44691062,0.29465204,0.50378513,0.82039213,-0.71887136,-0.70758206,0.8257477,-0.15167472
0.7399281,0.80315834,-0.06060336,0.50736946,-0.5752524,-0.8248313,-0.93069494,-0.513562
0.93399346,0.344835,0.57509565,0.51880234,0.6447395,-0.20110354,0.4953271,0.82954514
-0.03543121,-0.5332122,0.6088158,-0.0104694115,-0.51333874,-0.85412335,-0.30935022,-0.39475244
-0.57009673,0.31415695,0.6759221,-0.34978688,-0.30304658,-0.010193472,0.66426367,-0.70110106
-0.31568083,0.08261589,0.825214,0.283502,-0.16261242,0.05634675,-0.65439665,0.109880485
0.8038319,0.8609525,-0.93511665,0.38380945,0.85228693,0.4876799,0.9331421,-0.6426026
-0.53314805,0.39740035,0.9693693,0.6855545,0.8747462,-0.41536263,-0.4642081,-0.28024492
0.89237833,0.8146842,0.558247,0.63756245,-0.36759096,-0.00020694733,0.23435242,-0.28485495
-0.19878908,0.9327794,0.38258392,0.8092263,-0.29713926,-0.62368834,-0.29093635,-0.62987435
0.7855638,0.3308991,-0.7788809,0.58948815,0.32913038,-0.68930894,-0.07079869,-0.845376
-0.36821818,0.15493922,0.3888673,0.22700518,0.79149216,-0.8105101,0.49670035,0.22245134
0.7006551,-0.038253646,0.37137777,0.38358414,0.57810456,-0.5993358,0.40874243,-0.09979572
0.12920856,0.49906787,0.6918274,-0.75350595,-0.28128085,-0.78532815,0.78279686,-0.32579544
0.6248256,-0.6739256,-0.12119575,0.9146063,-0.67301357,-0.45998165,-0.80539656,-0.40310404
0.46947193,0.62194115,-0.7544931,-0.10219649,0.29588994,-0.9205815,0.6890084,-0.8196378
0.6682102,0.7475967,-0.41987562,0.6735755,-0.21548247,-0.37803668,0.48911136,-0.7908972
0.949786,0.67244625,-0.060194973,0.77342874,0.8718377,-0.8377843,0.6603849,0.34569865
0.10221234,-0.16255797,0.9008713,0.8787039,-0.9284872,-0.6968131,-0.97908044,-0.9022813
-0.06640064,0.4805167,0.6909839,0.8267071,0.06624615,-0.57627046,0.3580386,-0.52138984
0.8537618,-0.46988857,0.7304176,0.95772564,-0.07823347,-0.9383957,0.48939613,-0.591509
0.9612103,0.29254648,0.34970415,0.70907176,-0.7930733,-0.9457633,-0.22963713,0.7562014
0.40344095,0.37638474,0.96297574,0.87378466,-0.72562695,-0.50301975,-0.078814946,-0.664791
0.098415956,0.7229238,0.7055538,0.94592714,-0.837016,-0.8445326,0.43225583,-0.93557715
-0.21489751,0.41722742,0.8477696,0.5911914,-0.76767427,-0.78794956,-0.033473127,-0.16170248
0.48403046,0.72078514,0.6052595,0.9705129,-0.44174442,-0.8659191,0.3601847,-0.3925168
0.9454255,0.58592355,0.49076864,0.9627517,-0.9139771,-0.87890154,0.68912655,0.41112688
0.9495005,-0.0042269574,0.54207945,0.9763013,-0.8553647,-0.8406234,0.44404387,0.7518703
0.8962473,0.3475042,0.68877435,0.973486,-0.845363,-0.9067247,0.4550373,-0.07590995
0.8482698,0.4924114,0.9191927,0.9856988,-0.9405432,-0.867714,0.7303626,0.08276211
0.7119465,0.5704876,-0.071920164,0.9824041,-0.99255735,-0.9076085,0.9753452,-0.95689684
-0.32040778,-0.5859016,0.5768757,0.8001218,-0.97929746,-0.89416236,-0.0274413,-0.41655976
0.34577742,-0.5905074,0.40516698,0.11740632,-0.97644544,-0.9740808,-0.13508676,-0.01680601
0.86087495,0.7254826,0.6714437,0.9185989,-0.94922495,-0.8611602,-0.017439565,0.34695098
0.8731385,0.6572802,-0.07131668,0.93710417,-0.35877383,-0.7756441,-0.165404,0.84121865
0.9509396,-0.64948225,0.19808446,0.9657872,-0.7157488,-0.8419947,-0.50039583,-0.857136
0.76574516,0.829733,-0.5972699,0.9229492,-0.9712298,-0.840078,0.53166693,-0.1565484
0.77370214,0.12886345,0.84120685,0.97372633,0.22088665,-0.55852765,0.6130189,-0.21348754
0.6035015,0.1542695,0.4053891,0.60952663,-0.56101197,-0.8145148,0.014852378,0.14378308
0.8385987,-0.5917618,0.88530976,0.8468089,0.30505624,-0.7920241,-0.44244772,0.39839974
0.631145,-0.5677782,0.033488173,0.45872277,-0.9687839,-0.8829011,-0.16466399,-0.96283036
-0.69518554,0.8966645,0.9867125,0.84200513,-0.08436555,-0.9580348,-0.7540125,-0.7693161
0.7450355,0.7858417,0.1508329,0.6946546,0.094374515,0.3004313,0.9640863,0.9016439
0.6088341,0.34075496,0.9126856,0.76977855,-0.7560851,-0.79396677,-0.0096636405,0.17510703
-0.1903677,0.97113913,-0.028688855,-0.0049278336,-0.85420763,-0.6260877,0.604597,-0.4693496
0.9574958,0.7119291,-0.44377843,0.42101634,-0.24535479,-0.7237582,-0.8371036,-0.8174366
-0.08984266,0.6322168,0.645422,0.32530853,-0.69370294,-0.95257336,0.19992456,-0.06548316
0.5088437,0.3833617,-0.22994527,0.5315671,-0.566345,-0.66721725,0.7209947,-0.8091295
0.9598137,0.42167646,-0.3968652,0.3751919,0.031935498,0.5392202,-0.64293075,-0.25749576
0.28873116,0.5107564,-0.104220495,0.12881835,-0.72223926,-0.508265,0.70811355,-0.83337414
0.5671352,0.65677583,0.0723794,0.9604064,-0.7304285,-0.9598593,-0.41650477,-0.9233898
0.787843,0.9183537,0.6030763,0.25468138,-0.86994004,0.3307035,0.8298473,-0.028996503
0.95774424,0.5293495,0.76170075,-0.72149277,-0.97833085,-0.5094675,0.082382806,-0.73818994
0.8872998,-0.23572017,-0.22801933,0.62268436,0.86242455,-0.79457676,-0.03511597,-0.8212713
0.981709,0.96559274,0.7135243,-0.7545146,-0.82132727,-0.8733747,0.917074,-0.84914756
0.7243579,0.021209098,0.7171936,0.85544133,-0.45570645,0.40210107,-0.6186234,-0.77773213
-0.16105114,0.23493527,0.86123073,0.9214109,-0.9019178,-0.83277833,0.7471874,-0.2684232
0.94831634,0.5523574,0.39218527,0.6361848,0.037433915,0.28211156,0.71207607,-0.59061384
0.5935313,0.120471306,0.29123285,0.79744357,-0.7907317,-0.87640065,0.1285485,0.31524345
-0.5159199,0.8131379,0.2686717,-0.22471787,-0.8186632,-0.6452149,0.8865691,-0.7125863
0.29455245,0.78036463,-0.17983907,0.2145213,0.73477566,-0.5184054,0.32434613,-0.60590744
0.085255645,0.45096165,-0.029932853,0.7130567,-0.6392583,-0.71341103,0.29499808,-0.42150992
-0.7557455,0.2516158,0.73578715,0.07578995,0.76527107,-0.85068303,0.8069713,-0.559522
0.97741044,0.6572015,0.09838808,0.82184684,-0.8416203,-0.9300218,0.33706132,-0.2783189
0.0006548314,0.359278,0.6615955,0.40100804,-0.6663885,-0.82562613,0.5627017,-0.6095202
-0.039172772,0.09707957,-0.7490766,0.55897963,-0.67302084,-0.3781553,-0.03004932,-0.78522635
-0.38091567,-0.03962652,0.7290195,-0.15915668,0.3830583,0.03840708,-0.5952817,-0.5737949
0.59010804,0.49118546,-0.73585737,-0.29243165,-0.6587999,0.28702632,0.90489143,-0.76429766
0.6554409,0.8566888,-0.39882538,0.9264418,-0.8687145,-0.7286384,0.73818326,-0.9150013
0.57846427,0.8253722,-0.2768154,0.7084432,-0.4499486,-0.9350177,0.62539625,0.15899785
0.0380503,0.5991744,-0.19810574,0.4081846,-0.921552,-0.13589434,-0.8986585,0.5513352
0.045707483,0.14593247,-0.13683315,0.15392417,-0.7522967,-0.34149235,-0.1939948,-0.8542938
0.025359452,-0.4657857,0.24343257,-0.39128983,-0.9404032,-0.79484385,-0.34126297,-0.27548122
-0.6986853,0.50181526,-0.8632471,0.05711015,0.031213632,-0.71674013,-0.075448744,-0.87867486
0.04727907,0.8860882,0.85548383,0.7255926,-0.5508473,0.69367766,0.6395912,-0.19342302
0.90015984,0.2547074,-0.5891962,0.049519595,-0.6629623,-0.94317746,0.16934177,-0.13673486
0.6733886,0.8822148,-0.74671066,0.40757018,-0.9245318,-0.0030087738,-0.79232466,-0.57469463
0.8992233,0.8616744,0.21683183,0.949026,-0.81569326,-0.61909854,0.67041695,-0.15909506
0.41679615,0.57573265,-0.79638034,-0.2619144,0.9451938,-0.9464452,-0.9258401,-0.9237581
0.49202263,0.32365385,-0.2072723,0.6474852,-0.8848271,-0.49940637,0.5247145,-0.14545606
0.22836643,0.68308556,-0.6498037,0.7919363,0.51536477,-0.82016754,0.9035559,-0.6862134
0.54142183,0.31551427,0.30161813,0.81153107,0.15225387,-0.6817919,0.91999364,0.062256422
0.3977856,0.8380306,0.80309504,-0.22480884,-0.42470983,-0.9139857,-0.79081047,-0.1112852
0.07347616,-0.62457573,-0.8741876,0.5301659,-0.48609948,-0.877437,0.33079034,-0.530191
0.86377543,0.93162876,-0.64075035,0.6748054,-0.4044444,-0.7787166,-0.2298222,-0.7468746
0.4984998,0.31441137,-0.2220303,0.9570521,-0.6354287,-0.9625032,0.4369719,0.009638785
0.9761853,0.6710014,0.58390206,-0.41915572,0.92257446,-0.8228844,0.3830514,-0.018319465
0.9400981,0.398692,0.058271125,0.6199024,0.22961034,-0.8626527,0.40303075,-0.3769451
0.7342943,0.766033,-0.0028856467,0.8497489,-0.008182492,-0.24287541,-0.9546751,-0.41243452
0.46821707,-0.064924754,0.00904014,0.71852195,-0.9509902,-0.5726756,0.57090414,-0.9529222
-0.20266917,0.73599577,-0.42516688,0.56310964,-0.5627718,-0.12278387,-0.22312176,0.45217454
0.76834136,0.3717257,0.6851485,0.5518317,-0.106756166,-0.7618012,-0.8888802,-0.067477055
0.668922,0.57499826,0.101927005,-0.8544312,-0.54937625,-0.9379549,0.6724035,-0.80976903
0.09806487,0.58903813,0.67447263,0.7914206,-0.1451336,0.3385331,0.057859708,0.49610272
0.9524535,0.8729545,0.468878,0.9257336,-0.12893416,-0.6049987,0.11420632,0.7098935
0.9105888,0.90278876,-0.7561185,0.27462268,0.6819514,-0.6292387,0.8441286,-0.96443874
0.4838439,0.2881725,-0.82196856,-0.3029334,-0.052266937,-0.75767905,-0.27556756,-0.9018288
0.6920454,0.72076285,0.95210403,0.9265929,0.89631397,-0.13989504,-0.6602205,-0.10766403
0.27035084,0.90049225,-0.8506383,-0.2094244,-0.52190006,-0.8565262,0.35232452,0.74961454
-0.55697083,0.65317774,-0.091503136,0.9149357,0.48561195,-0.91393644,0.15751004,-0.8829059
-0.27585205,-0.15098639,0.28501734,-0.18943097,0.100818954,-0.81882536,-0.6595218,-0.85364324
0.35184097,0.539999,-0.8646908,0.47315246,0.6807704,-0.9501522,0.3836877,0.3660176
0.2364782,-0.34425676,0.006133241,0.70932543,0.3928821,0.15689665,0.882063,-0.56346154
0.058827795,0.87202376,0.015697472,0.9230534,-0.47156388,-0.69916326,0.6693922,-0.6148032
0.12493447,0.16581704,-0.36013973,0.6221155,0.52750015,-0.75438595,-0.4924847,-0.77986985
0.32091686,0.1419106,-0.8557768,0.2585891,-0.46165732,-0.6462657,0.5258279,-0.2909843
0.5885843,-0.3320555,0.41628733,0.54229623,0.64308345,-0.5944641,-0.11229656,-0.7956457
0.4560663,0.6692301,-0.5220877,0.07566915,-0.5860796,-0.466273,0.665292,-0.91747534
0.80395913,-0.28878233,-0.8924789,0.2750408,-0.26986423,-0.93994594,0.6118399,-0.8562503
0.93811494,0.18148354,0.5749718,0.6708735,0.39648208,-0.20842928,0.2417756,-0.79729193
0.74699193,0.7726407,-0.7937758,0.65004474,-0.69155943,-0.25865337,0.49217528,-0.83085614
0.6324005,0.6906818,0.83166647,-0.16177736,0.9551483,-0.60190094,0.9421427,-0.77753985
0.98381686,0.8825213,0.32617018,-0.040746827,0.54424995,-0.861976,0.31947675,-0.9443543
0.8597543,0.45813236,-0.9514724,0.83328027,-0.8169499,-0.9219352,0.22989242,-0.83666223
-0.2154195,0.8222128,-0.965122,0.5038402,0.90031123,-0.9592656,0.29931828,-0.9769647
0.77216434,0.46810085,0.9046091,-0.65633273,0.79119205,-0.6096311,0.34783915,0.13720267
0.1405364,-0.043752793,-0.89731723,0.9193844,-0.7744231,-0.81162256,0.18041186,-0.24724324
-0.52876514,0.84255767,0.48967856,0.26222003,0.87279034,0.35767898,0.7343576,-0.7308554
0.8207452,0.921129,-0.6828493,0.36591202,-0.8555578,-0.85429937,-0.78294456,-0.8220849
0.89387935,0.4752303,0.14568344,0.9303843,0.6266509,-0.2620605,0.8995017,-0.21762164
-0.44215053,0.8543052,0.72649884,0.48910964,-0.14164425,0.033288155,-0.49298182,-0.0806354
0.5645183,0.8213033,-0.7400701,0.23039545,-0.15939172,-0.8816428,0.6173028,-0.38844708
0.5814302,0.8125149,0.83608747,0.7871534,-0.51436126,-0.34307227,0.61880946,-0.8984127
0.47120062,0.94580483,0.5952052,0.8234702,0.4181399,-0.3970871,-0.29827765,-0.610283
0.6897042,0.6047026,-0.9550464,0.13067412,0.4995373,-0.8722791,-0.15080984,-0.68969303
0.7893863,0.8548448,-0.65788245,0.43507183,0.41124803,-0.7770193,0.9254305,-0.8477646
0.86953026,0.9511725,0.34546828,0.8417504,-0.62459934,-0.7774514,-0.59086263,-0.55387145
-0.22744878,0.8122703,0.4306624,0.49356893,0.70943666,-0.8866829,0.45751706,-0.75612736
0.33819708,-0.021776214,-0.54216105,0.3435574,0.54239607,-0.91876847,0.7819886,0.20303923
0.9169833,0.67019784,0.45846987,0.73970044,0.24354652,-0.68298,-0.9326504,-0.028732436
0.015078952,0.60320306,0.15662487,-0.31709704,-0.82661116,-0.59792614,0.6299582,-0.8997842
0.9053775,0.038442492,-0.76276803,0.56223416,0.17452665,-0.70898867,0.8135868,-0.24890548
0.7691142,0.8001615,-0.906494,0.8897465,0.32359755,-0.6892788,0.04379703,0.5016874
-0.47669464,0.8298617,0.9407146,0.35309863,0.6686437,-0.1252284,-0.8652843,-0.01381816
0.43562147,0.8238697,-0.17433792,0.26693663,0.28586742,-0.9729258,0.72234607,-0.5383009
-0.41153142,0.8325361,-0.60639775,0.6813206,-0.10067321,-0.8721878,-0.38860765,-0.4759997
0.585911,0.1330366,0.69449115,-0.36089668,-0.23715654,-0.4377504,-0.8536017,-0.73413014
-0.6494429,-0.42416412,0.14140482,0.95366305,-0.030793896,-0.7953775,-0.2481558,-0.73115325
-0.37336302,0.91354364,-0.50679284,0.6773133,-0.40679047,-0.94581145,-0.25860247,-0.7795001
0.93358856,0.5032664,0.047590446,0.37594882,0.79296327,-0.78050673,0.37069353,-0.884658
0.8301462,0.6148005,-0.7189909,0.82904154,-0.6044105,-0.7251123,-0.8892591,-0.96383524
0.22826025,0.65138924,-0.4521415,0.82036906,0.5483849,-0.22670986,0.38365233,0.23983479
-0.76251376,0.85335994,-0.68177724,-0.4765693,0.8272896,-0.30442497,0.5557494,-0.76146156
0.032935563,0.033198312,0.866084,0.45423347,0.41903892,-0.78963184,-0.6000035,-0.8555741
0.6081274,0.63991714,-0.51758426,0.24239889,-0.66731334,-0.7035139,0.25562096,-0.78918475
-0.56012666,0.83501893,-0.28944787,0.6393425,0.62815773,0.23311399,-0.8297263,-0.89678234
-0.83385605,0.24698575,-0.76118654,0.66023976,0.48408824,-0.6484766,-0.25130665,-0.706707
0.9361984,0.9518392,0.32962617,0.66984904,0.94193727,0.5754545,0.6012098,-0.64800334
0.78303826,0.9322333,-0.49456027,0.77543545,-0.14065056,0.65266776,-0.4550968,0.093046635
-0.6326282,0.6127255,-0.9566826,0.7501101,0.007651701,-0.9398798,-0.69576645,-0.8934586
-0.12036927,0.44678774,-0.04185308,0.82819116,0.6761325,-0.47051078,0.20299566,-0.7733523
0.9140527,0.42510033,0.9163039,0.28319788,-0.69094837,-0.7276701,-0.37857133,0.47514373
-0.14766754,0.16905586,-0.65190655,0.73177814,-0.643119,-0.8633133,-0.8856726,-0.9801883
0.016972492,0.95766896,-0.8568448,0.09285985,-0.6897482,-0.65612817,-0.22164726,0.688674
-0.35522142,0.8062644,-0.43566874,0.92551064,-0.41564378,0.11296716,0.5715419,-0.979641
-0.10157954,0.809313,-0.85356253,0.89537376,-0.7814678,-0.62469083,0.4693787,-0.9178589
0.2417822,0.18958323,-0.95001346,0.51806146,-0.30215734,-0.31782424,0.8204986,-0.8814969
-0.6566019,0.6565139,-0.8115468,0.2708773,0.7894588,-0.47529185,-0.32521766,-0.92074347
0.9729191,0.9111962,-0.9982978,0.9377937,-0.25265396,0.33587596,0.98396266,-0.92171836
0.6137197,0.99082005,-0.9892745,0.7122062,-0.14767574,-0.21702568,0.8251934,-0.8603398
-0.130445,0.9989916,-0.98882836,0.87452996,-0.61657643,0.30944374,0.7704538,-0.14518492
-0.3245541,0.99336463,-0.994961,0.95325387,0.72219336,0.082582705,-0.22500625,-0.7964831
0.9779531,0.9986667,-0.9973916,0.9014546,-0.54647624,-0.66553843,0.67148715,0.7125199
0.72595096,0.98332715,-0.98741543,0.99624616,-0.028124975,-0.1405044,-0.45044157,-0.9174985
0.591571,0.9973794,-0.98288363,0.8769847,-0.54967844,0.3926526,0.9311947,0.68754363
-0.25435558,0.98636603,-0.9355242,0.87630266,0.48679072,-0.084008716,0.37718597,-0.84233093
-0.05364549,0.9970378,-0.98739433,0.8988308,0.69728464,-0.025351143,0.69589007,0.118934505
0.85318226,0.9987544,-0.97688556,0.9308434,0.064312875,0.06314463,0.93389523,0.7659044
0.73164684,0.98874456,-0.26400924,0.9761808,-0.74728286,0.94854623,0.87788874,0.53132707
0.9464784,0.5122533,0.9534642,0.9928893,0.53668404,0.23708367,-0.9901658,-0.8255559
0.9998644,-0.37009114,-0.83858895,0.9999011,-0.52312535,0.9544823,0.5583519,0.94910324
0.99960303,-0.9946818,-0.97300947,0.9999995,0.9533083,-0.166561,-0.99952084,0.9831006
0.8146925,-0.9734728,-0.9998879,0.9551555,-0.9766304,-0.927869,0.9999965,0.9999967
0.95172644,-0.9999988,-0.99976283,0.99988794,0.8588515,0.034582213,-0.9999885,0.9353919
0.99967515,-1.0,-0.9998374,0.999829,0.5521771,-0.934802,-1.0,0.8500508
-0.98480874,-0.99961823,-0.8400346,0.94505626,0.9993185,-0.75687736,-0.99999964,0.99574673
0.7712179,-0.9997025,-0.99962574,0.83054733,0.99911785,-0.97327745,-0.99999946,0.95912033
-0.9929211,-0.9956062,-0.9726082,-0.16962036,0.9989919,-0.85196686,-0.9999797,0.9788345
0.13684466,-0.97584945,-0.9982414,0.70144254,0.9995382,-0.94582444,-0.9999841,0.91654897
-0.69768286,-0.8887557,-0.99379116,-0.548579,0.999293,-0.8577632,-0.99947655,0.84941137
