reward_forward,reward_ctrl,reward_survive,x_position,y_position,distance_from_origin,x_velocity,y_velocity,forward_reward
-0.5066580765408687,-2.707744598388672,1.0,-0.1228550996337267,0.09469526791293723,0.1551146971473557,-0.5066580765408687,-0.06339277913669061,-0.5066580765408687
-0.724143017994951,-1.5906102657318115,1.0,-0.15906225053347425,0.08665789253678069,0.1811363847593574,-0.724143017994951,-0.16074750752313072,-0.724143017994951
0.021118236786482614,-1.812199592590332,1.0,-0.15800633869415012,0.07100162226097471,0.17322596061566703,0.021118236786482614,-0.3131254055161195,0.021118236786482614
0.37525019733989806,-1.416447401046753,1.0,-0.13924382882715522,0.050437267703538964,0.14809713650116452,0.37525019733989806,-0.411287091148715,0.37525019733989806
0.3191630666624265,-1.4348483085632324,1.0,-0.1232856754940339,0.01569127466031043,0.12428022321546389,0.3191630666624265,-0.6949198608645707,0.3191630666624265
0.2973512898522007,-2.522592544555664,1.0,-0.10841811100142386,-0.014958683883216717,0.10944518727031843,0.2973512898522007,-0.6129991708705429,0.2973512898522007
0.7232097621737745,-1.9073822498321533,1.0,-0.07225762289273513,-0.014588704567600953,0.07371563176877385,0.7232097621737745,0.0073995863123152775,0.7232097621737745
0.43195652317537775,-2.3786985874176025,1.0,-0.05065979673396624,0.03404169008782272,0.061034839797955924,0.43195652317537775,0.9726078931084734,0.43195652317537775
0.7970902973160149,-1.3968915939331055,1.0,-0.0108052818681655,0.0920339518899104,0.09266608018430933,0.7970902973160149,1.1598452360417535,0.7970902973160149
0.7165691083167733,-2.2227120399475098,1.0,0.02502317354767317,0.15831835586483914,0.1602836891830944,0.7165691083167733,1.3256880794985748,0.7165691083167733
0.46773958212343625,-2.1846041679382324,1.0,0.04841015265384498,0.21727702429547285,0.22260469035189728,0.46773958212343625,1.1791733686126742,0.46773958212343625
0.21929600055263052,-1.6620755195617676,1.0,0.05937495268147651,0.270877865909517,0.27730885893822765,0.21929600055263052,1.0720168322808832,0.21929600055263052
0.7723890936160666,-1.9168426990509033,1.0,0.09799440736227984,0.315209831178453,0.33009111097670185,0.7723890936160666,0.8866393053787203,0.7723890936160666
1.1046037067087062,-1.8650356531143188,1.0,0.15322459269771516,0.3709258910319304,0.40132753761137824,1.1046037067087062,1.1143211970695477,1.1046037067087062
0.9390592749718585,-1.7810008525848389,1.0,0.20017755644630808,0.4270344755344268,0.47162431807507316,0.9390592749718585,1.122171690049928,0.9390592749718585
0.9925556301149985,-1.4045698642730713,1.0,0.249805337952058,0.5281154188350141,0.5842162292170805,0.9925556301149985,2.021618866011746,0.9925556301149985
0.942732263306636,-1.675410509109497,1.0,0.2969419511173898,0.6121213479315907,0.6803433448832947,0.942732263306636,1.6801185819315312,0.942732263306636
0.7438627508970053,-1.3191719055175781,1.0,0.33413508866224007,0.675610757041518,0.7537215351212515,0.7438627508970053,1.2697881821985457,0.7438627508970053
0.6710862020447228,-0.9932107925415039,1.0,0.3676893987644762,0.7293696809968184,0.8168081938381756,0.6710862020447228,1.0751784791060093,0.6710862020447228
0.7529028519162273,-1.243792176246643,1.0,0.40533454136028757,0.7868504421522338,0.8851156470964234,0.7529028519162273,1.1496152231083068,0.7529028519162273
0.961640735385918,-1.0877794027328491,1.0,0.45341657812958347,0.8391864410839932,0.9538451007485225,0.961640735385918,1.0467199786351888,0.961640735385918
0.6391657943059104,-0.9022872447967529,1.0,0.485374867844879,0.8846315481510282,1.009040008284864,0.6391657943059104,0.9089021413406995,0.6391657943059104
0.007223135324585517,-0.9857141375541687,1.0,0.48573602461110826,0.9030851576474193,1.0254278558572842,0.007223135324585517,0.36907218992782154,0.007223135324585517
-0.10302585946056708,-1.3592400550842285,1.0,0.4805847316380799,0.9169425932145282,1.0352513721481509,-0.10302585946056708,0.2771487113421789,-0.10302585946056708
-0.29311527978490015,-1.6996431350708008,1.0,0.4659289676488349,0.9206881925979097,1.0318704138037462,-0.29311527978490015,0.07491198766762963,-0.29311527978490015
0.5283371781251156,-1.5701744556427002,1.0,0.4923458265550907,0.9165260887655458,1.040396311178622,0.5283371781251156,-0.08324207664727856,0.5283371781251156
1.1994716257892046,-1.7801525592803955,1.0,0.5523194078445509,0.908250319830275,1.0630029970576529,1.1994716257892046,-0.16551537870541422,1.1994716257892046
1.0305285604105263,-1.4396204948425293,1.0,0.6038458358650772,0.9043701317831491,1.0874351147323982,1.0305285604105263,-0.07760376094251953,1.0305285604105263
1.0909049383299951,-1.4015907049179077,1.0,0.658391082781577,0.9021213918055039,1.1168266756481942,1.0909049383299951,-0.04497479955290373,1.0909049383299951
1.3141653069443593,-1.989870548248291,1.0,0.724099348128795,0.8943579882542971,1.150737188551243,1.3141653069443593,-0.15526807102413498,1.3141653069443593
1.5173191861722368,-1.5774542093276978,1.0,0.7999653074374068,0.8820754581466759,1.1907987264723174,1.5173191861722368,-0.24565060215242518,1.5173191861722368
1.8998346892783702,-1.0221433639526367,1.0,0.8949570419013253,0.8755747936283315,1.2520300819413508,1.8998346892783702,-0.13001329036688825,1.8998346892783702
1.7234576613331987,-1.8173182010650635,1.0,0.9811299249679852,0.8853182312674359,1.321515909961808,1.7234576613331987,0.19486875278208915,1.7234576613331987
1.671749586621445,-1.8097562789916992,1.0,1.0647174042990575,0.9035953652831862,1.3964625792260161,1.671749586621445,0.36554268031500525,1.671749586621445
1.9069978869581083,-1.2550753355026245,1.0,1.160067298646963,0.9389789361918043,1.4924602440272754,1.9069978869581083,0.707671418172362,1.9069978869581083
1.8745351135038169,-2.051327705383301,1.0,1.2537940543221537,1.005998595062203,1.6074926761639414,1.8745351135038169,1.3403931774079747,1.8745351135038169
1.6789343426932124,-1.721280813217163,1.0,1.3377407714568144,1.0673392067750902,1.71136301056706,1.6789343426932124,1.2268122342577437,1.6789343426932124
1.653867394330204,-2.05444073677063,1.0,1.4204341411733246,1.1275939593606352,1.8135879594321844,1.653867394330204,1.2050950517109005,1.653867394330204
1.7879341735893606,-1.506163239479065,1.0,1.5098308498527926,1.1891720604535385,1.9219051445195,1.7879341735893606,1.2315620218580658,1.7879341735893606
1.6402324892741982,-1.893250584602356,1.0,1.5918424743165025,1.260130473474672,2.0302441412838963,1.6402324892741982,1.4191682604226719,1.6402324892741982
1.0731918018613618,-2.229313850402832,1.0,1.6455020644095706,1.3598150077847064,2.1346601367366844,1.0731918018613618,1.9936906862006865,1.0731918018613618
0.7471657364675499,-1.491422414779663,1.0,1.682860351232948,1.4343571776444666,2.2111986511419732,0.7471657364675499,1.4908433971952029,0.7471657364675499
1.0027044815525654,-1.8488649129867554,1.0,1.7329955753105764,1.4737332422721778,2.274898532555705,1.0027044815525654,0.7875212925542252,1.0027044815525654
1.368277755136944,-1.0854413509368896,1.0,1.8014094630674236,1.4803745041684124,2.3316484997144697,1.368277755136944,0.13282523792469192,1.368277755136944
1.4636250593566524,-0.8282210826873779,1.0,1.8745907160352562,1.4555255309244035,2.3733193893402427,1.4636250593566524,-0.4969794648801784,1.4636250593566524
0.8684272149110761,-1.97732675075531,1.0,1.91801207678081,1.452661784371996,2.406033371849166,0.8684272149110761,-0.05727493104815018,0.8684272149110761
0.36563643544951674,-1.8066134452819824,1.0,1.9362938985532858,1.5010525176812053,2.449978106516825,0.36563643544951674,0.9678146661841858,0.36563643544951674
0.4981912408003675,-1.1473681926727295,1.0,1.9612034605933042,1.5341260219406836,2.4899521411141015,0.4981912408003675,0.6614700851895661,0.4981912408003675
0.6396608484153088,-1.8329590559005737,1.0,1.9931865030140696,1.5627258184409154,2.532766159640342,0.6396608484153088,0.5719959300046362,0.6396608484153088
0.5191379277883179,-0.3525642156600952,1.0,2.0191433994034855,1.5899432626833734,2.5699921489971356,0.5191379277883179,0.5443488848491596,0.5191379277883179
0.26546361925674056,-1.6710352897644043,1.0,2.0324165803663226,1.6237609636869852,2.601406700871977,0.26546361925674056,0.6763540200722362,0.26546361925674056
0.6974107364456028,-1.7206274271011353,1.0,2.0672871171886027,1.6531374941267953,2.646986890670557,0.6974107364456028,0.5875306087962029,0.6974107364456028
0.255831699908704,-1.5327284336090088,1.0,2.080078702184038,1.6747095073399993,2.6704642557530356,0.255831699908704,0.4314402642640802,0.255831699908704
0.01149731657723585,-0.9660686254501343,1.0,2.0806535680128997,1.6978758692539926,2.6854984150953825,0.01149731657723585,0.4633272382798648,0.01149731657723585
-0.011952433499065052,-1.3743772506713867,1.0,2.0800559463379464,1.7330669458866796,2.7074256737389546,-0.011952433499065052,0.7038215326537411,-0.011952433499065052
-0.09171035521258197,-1.319901943206787,1.0,2.0754704285773173,1.7521047599947115,2.7161459073280727,-0.09171035521258197,0.38075628216063695,-0.09171035521258197
-0.10958359323046452,-1.1960619688034058,1.0,2.069991248915794,1.75147788566082,2.71155648190239,-0.10958359323046452,-0.0125374866778305,-0.10958359323046452
0.21839400576489254,-1.3830610513687134,1.0,2.0809109492040387,1.740310263736543,2.7127237589891102,0.21839400576489254,-0.22335243848553787,0.21839400576489254
0.16754379820846488,-1.2263234853744507,1.0,2.089288139114462,1.7297188464392486,2.7123886550366443,0.16754379820846488,-0.21182834594589028,0.16754379820846488
-0.06812308356030528,-1.3031824827194214,1.0,2.0858819849364467,1.7212766351361661,2.7043847562334937,-0.06812308356030528,-0.1688442260616485,-0.06812308356030528
-0.048598725093151884,-1.4266018867492676,1.0,2.083452048681789,1.7114304702594074,2.6962504879348064,-0.048598725093151884,-0.19692329753517424,-0.048598725093151884
0.20635763471580582,-1.2516772747039795,1.0,2.0937699304175794,1.6824595056025595,2.6859900427055283,0.20635763471580582,-0.579419293136958,0.20635763471580582
0.2436017256984524,-1.2400281429290771,1.0,2.105950016702502,1.6583438015744305,2.6805092122709824,0.2436017256984524,-0.4823140805625803,0.2436017256984524
0.2013126044831104,-1.7879979610443115,1.0,2.1160156469266576,1.6265930910099953,2.6689562195285053,0.2013126044831104,-0.6350142112887047,0.2013126044831104
0.12753285210384213,-0.6180580854415894,1.0,2.1223922895318497,1.5894912221849027,2.6516092050049727,0.12753285210384213,-0.7420373765018518,0.12753285210384213
0.16436842489327752,-1.3592946529388428,1.0,2.1306107107765135,1.5554990445337449,2.6380066865762477,0.16436842489327752,-0.6798435530231561,0.16436842489327752
0.16940556830484788,-0.9385742545127869,1.0,2.139080989191756,1.5314557935520705,2.630783975533868,0.16940556830484788,-0.4808650196334874,0.16940556830484788
0.029443738106511574,-1.4977381229400635,1.0,2.1405531760970815,1.5471852700331186,2.641164546086964,0.029443738106511574,0.3145895296209611,0.029443738106511574
0.004774191269607542,-0.6761555671691895,1.0,2.140791885660562,1.5629132684709515,2.6506014001491542,0.004774191269607542,0.31455996875665804,0.004774191269607542
0.14753574762369936,-0.5052964091300964,1.0,2.148168673041747,1.5775704877830905,2.6652124290123886,0.14753574762369936,0.2931443862427807,0.14753574762369936
-0.7317115676010566,-0.9294782876968384,1.0,2.111583094661694,1.5917906786807545,2.644348829181958,-0.7317115676010566,0.2844038179532804,-0.7317115676010566
-0.4222908391245994,-1.1321625709533691,1.0,2.090468552705464,1.5916164685862244,2.627413510075139,-0.4222908391245994,-0.0034842018906022787,-0.4222908391245994
-0.0957418338795879,-1.3043822050094604,1.0,2.0856814610114847,1.5655620140625495,2.6078825849110974,-0.0957418338795879,-0.5210890904734988,-0.0957418338795879
-0.3606103636055735,-1.030502200126648,1.0,2.067650942831206,1.5537977657579785,2.5864005718885195,-0.3606103636055735,-0.23528496609142024,-0.3606103636055735
0.18936307069872704,-0.719851016998291,1.0,2.0771190963661423,1.5607361556088153,2.5981380040162385,0.18936307069872704,0.1387677970167367,0.18936307069872704
0.18965782386122676,-1.6329782009124756,1.0,2.0866019875592037,1.587765931719136,2.622004673606429,0.18965782386122676,0.5405955222064129,0.18965782386122676
-0.08254908071285705,-1.3755877017974854,1.0,2.082474533523561,1.6431267131575862,2.6526525551353735,-0.08254908071285705,1.107215628769005,-0.08254908071285705
-0.49635653292806836,-1.4507148265838623,1.0,2.0576567068771574,1.7067790761478192,2.6733959561076155,-0.49635653292806836,1.2730472598046605,-0.49635653292806836
-0.46277985790442067,-0.6832799315452576,1.0,2.0345177139819364,1.7623726076489048,2.691694547436147,-0.46277985790442067,1.1118706300217118,-0.46277985790442067
-0.18691906179869378,-0.5604612827301025,1.0,2.0251717608920017,1.7904086523579508,2.70312482204441,-0.18691906179869378,0.5607208941809194,-0.18691906179869378
-0.06463813881424585,-1.1386915445327759,1.0,2.0219398539512894,1.8155278163553834,2.717421944593204,-0.06463813881424585,0.5023832799486527,-0.06463813881424585
-0.009372959477973453,-0.8239620327949524,1.0,2.0214712059773907,1.8331392127698984,2.7288725162583773,-0.009372959477973453,0.3522279282903007,-0.009372959477973453
0.3634867485669879,-0.5490013360977173,1.0,2.03964554340574,1.8309462960670473,2.740897349740872,0.3634867485669879,-0.04385833405702311,0.3634867485669879
0.3690068513581757,-1.3483319282531738,1.0,2.058095885973649,1.8406425396076438,2.761109131214291,0.3690068513581757,0.1939248708119301,0.3690068513581757
0.234297208306522,-0.6240952014923096,1.0,2.069810746388975,1.8538793291316698,2.7786660635724068,0.234297208306522,0.2647357904805192,0.234297208306522
-0.09525772946171962,-1.2158304452896118,1.0,2.065047859915889,1.8340282695939283,2.761898324959283,-0.09525772946171962,-0.39702119075482933,-0.09525772946171962
-0.23635343492132144,-1.4060134887695312,1.0,2.053230188169823,1.788352560380837,2.722858623915789,-0.23635343492132144,-0.9135141842618255,-0.23635343492132144
-0.019742599764676072,-1.9808437824249268,1.0,2.052243058181589,1.763323072340992,2.705736466713748,-0.019742599764676072,-0.500589760796899,-0.019742599764676072
-0.28412420422866624,-1.475951910018921,1.0,2.038036847970156,1.757700474419234,2.6913017577852036,-0.28412420422866624,-0.11245195843516242,-0.28412420422866624
-0.3799373653766658,-1.072968602180481,1.0,2.0190399797013225,1.7442095245396843,2.668105939637193,-0.3799373653766658,-0.2698189975909937,-0.3799373653766658
-0.41843620555038985,-1.2346374988555908,1.0,1.998118169423803,1.7280780353516494,2.6417285847047847,-0.41843620555038985,-0.3226297837606973,-0.41843620555038985
-0.34777314711389007,-0.5946579575538635,1.0,1.9807295120681085,1.7078942313958085,2.6153760925749565,-0.34777314711389007,-0.403676079116817,-0.34777314711389007
-0.25150268865853587,-1.7887674570083618,1.0,1.9681543776351818,1.682350039693045,2.5891954947936475,-0.25150268865853587,-0.510883834055269,-0.25150268865853587
-0.15964052537111417,-1.1173546314239502,1.0,1.960172351366626,1.6485020619263668,2.5612174244366,-0.15964052537111417,-0.676959555333565,-0.15964052537111417
-0.2428920340419971,-0.940994381904602,1.0,1.9480277496645262,1.6377325884664728,2.544991187565908,-0.2428920340419971,-0.2153894691978797,-0.2428920340419971
-0.27352228544123225,-1.2434110641479492,1.0,1.9343516353924646,1.6392379810654967,2.5355112715019015,-0.27352228544123225,0.030107851980476497,-0.27352228544123225
-0.49150448904322186,-1.0369477272033691,1.0,1.9097764109403035,1.6429727585201002,2.519246995636429,-0.49150448904322186,0.07469554909206977,-0.49150448904322186
-0.3368103757637808,-0.3219287395477295,1.0,1.8929358921521144,1.6361342870171083,2.502027517224921,-0.3368103757637808,-0.13676943005983766,-0.3368103757637808
-0.33881217469180935,-2.0680198669433594,1.0,1.875995283417524,1.6269689490221895,2.4832209455638785,-0.33881217469180935,-0.1833067598983762,-0.33881217469180935
0.04893416855441757,-1.1593369245529175,1.0,1.8784419918452449,1.6312582551618122,2.487880184366018,0.04893416855441757,0.08578612279245501,0.04893416855441757
0.3665254299279397,-1.0599459409713745,1.0,1.8967682633416418,1.6408317601533537,2.507998945364216,0.3665254299279397,0.19147009983083052,0.3665254299279397
0.47911679181104727,-1.2379670143127441,1.0,1.9207241029321942,1.6549997170292723,2.5353905306582756,0.47911679181104727,0.28335913751837083,0.47911679181104727
0.19062308068428457,-1.558136224746704,1.0,1.9302552569664084,1.670379823519924,2.552656285493389,0.19062308068428457,0.30760212981303603,0.19062308068428457
-0.272869478392046,-1.7532061338424683,1.0,1.9166117830468061,1.6814378502153164,2.5496340857171176,-0.272869478392046,0.22116053390784707,-0.272869478392046
-0.3313807498418253,-2.4682869911193848,1.0,1.9000427455547149,1.7043283903015274,2.55242976336723,-0.3313807498418253,0.45781080172421884,-0.3313807498418253
-0.043124489327426296,-1.6584069728851318,1.0,1.8978865210883435,1.6951943404390029,2.544731242938091,-0.043124489327426296,-0.18268099725049058,-0.043124489327426296
0.29268196204678354,-2.206000804901123,1.0,1.9125206191906827,1.661796212085439,2.533634103285442,0.29268196204678354,-0.6679625670712763,0.29268196204678354
0.4343656122061068,-1.3615366220474243,1.0,1.934238899800988,1.6278236251777733,2.5280604969403413,0.4343656122061068,-0.6794517381533138,0.4343656122061068
0.2784038863978022,-1.098131775856018,1.0,1.9481590941208782,1.597804626684305,2.519583989681561,0.2784038863978022,-0.600379969869369,0.2784038863978022
0.1858486543386162,-1.899275302886963,1.0,1.957451526837809,1.56540465885082,2.506413418786199,0.1858486543386162,-0.6479993566696995,0.1858486543386162
0.17313453303196003,-1.0033148527145386,1.0,1.966108253489407,1.5431640222524423,2.499387297721884,0.17313453303196003,-0.4448127319675521,0.17313453303196003
0.3865519432759035,-1.5003831386566162,1.0,1.9854358506532022,1.5586072193820202,2.524125983656275,0.3865519432759035,0.30886394259155736,0.3865519432759035
0.46820011445405374,-1.5797022581100464,1.0,2.008845856375905,1.586947318664162,2.5600514578605673,0.46820011445405374,0.5668019856428375,0.46820011445405374
0.4092403779638598,-1.3164280652999878,1.0,2.029307875274098,1.5933313511970821,2.580076597187958,0.4092403779638598,0.12768065065840162,0.4092403779638598
0.168121752758994,-0.8813233375549316,1.0,2.0377139629120475,1.5971816986187344,2.5890669309713386,0.168121752758994,0.0770069484330449,0.168121752758994
0.023168952843599655,-1.3907506465911865,1.0,2.0388724105542275,1.615482454792302,2.6013043397997415,0.023168952843599655,0.36601512347135046,0.023168952843599655
-0.12593503998994393,-1.613966941833496,1.0,2.0325756585547303,1.6389009479819465,2.6110074923380284,-0.12593503998994393,0.46836986379289236,-0.12593503998994393
-0.19299458361908606,-2.0524580478668213,1.0,2.022925929373776,1.6575266506537965,2.6152674649756853,-0.19299458361908606,0.3725140534369986,-0.19299458361908606
-0.27051794029145704,-2.2170653343200684,1.0,2.009400032359203,1.6653740875241703,2.6098197909898166,-0.27051794029145704,0.15694873740747628,-0.27051794029145704
-0.24462281751520543,-1.7952508926391602,1.0,1.997168891483443,1.6743910518998206,2.6061981842890214,-0.24462281751520543,0.1803392875130072,-0.24462281751520543
-0.34691028180719563,-1.1667397022247314,1.0,1.9798233773930831,1.6943018876174079,2.605831823440658,-0.34691028180719563,0.39821671435174455,-0.34691028180719563
-0.48618009498911263,-0.8671839237213135,1.0,1.9555143726436275,1.6819360073181262,2.5793303771190383,-0.48618009498911263,-0.24731760598563302,-0.48618009498911263
-0.06351940972535441,-1.4146018028259277,1.0,1.9523384021573598,1.6502944338670753,2.5563835696137236,-0.06351940972535441,-0.632831469021018,-0.06351940972535441
0.07837992651226866,-1.6862690448760986,1.0,1.9562573984829732,1.6157389626258871,2.537233809578208,0.07837992651226866,-0.6911094248237637,0.07837992651226866
0.3892336576706912,-1.1150044202804565,1.0,1.9757190813665078,1.5796584932591098,2.5295823457245583,0.3892336576706912,-0.7216093873355467,0.3892336576706912
0.21749851479136328,-1.8571761846542358,1.0,1.986594007106076,1.566400110624744,2.5298547499085764,0.21749851479136328,-0.2651676526873148,0.21749851479136328
-0.06394493331077555,-1.4054791927337646,1.0,1.9833967604405371,1.5444740916544941,2.5138144181935926,-0.06394493331077555,-0.43852037940499855,-0.06394493331077555
-0.3058384224887023,-0.4675023853778839,1.0,1.968104839316102,1.5034323564131735,2.4766399635089327,-0.3058384224887023,-0.820834704826412,-0.3058384224887023
-0.6811359635161551,-1.3840700387954712,1.0,1.9340480411402943,1.445357129247905,2.4144562651881594,-0.6811359635161551,-1.1615045433053695,-0.6811359635161551
-0.7325126464800791,-1.881996989250183,1.0,1.8974224088162903,1.3879938985622773,2.350901712093537,-0.7325126464800791,-1.1472646137125553,-0.7325126464800791
-0.6938201254135778,-1.3203041553497314,1.0,1.8627314025456114,1.3379525858045533,2.2934440040887485,-0.6938201254135778,-1.0008262551544789,-0.6938201254135778
-0.824009855896426,-1.8094813823699951,1.0,1.8215309097507901,1.3055651505487071,2.241087953986815,-0.824009855896426,-0.647748705116924,-0.824009855896426
-0.8566951869581496,-1.7784546613693237,1.0,1.7786961504028826,1.2777769588061865,2.1900853754851703,-0.8566951869581496,-0.5557638348504135,-0.8566951869581496
-0.9129882146283741,-0.5648244619369507,1.0,1.733046739671464,1.2621782987890544,2.143955470577671,-0.9129882146283741,-0.3119732003426412,-0.9129882146283741
-0.3933738569680223,-1.5229626893997192,1.0,1.7133780468230628,1.245603262890337,2.1182992753287406,-0.3933738569680223,-0.33150071797434677,-0.3933738569680223
-0.07755848170713175,-1.080554723739624,1.0,1.7095001227377062,1.2395742238032388,2.1116190295499884,-0.07755848170713175,-0.12058078174196574,-0.07755848170713175
-0.01913542807168156,-1.87059485912323,1.0,1.7085433513341222,1.2415662800208818,2.1120149646896262,-0.01913542807168156,0.03984112435285958,-0.01913542807168156
-0.12891629813531758,-1.1381233930587769,1.0,1.7020975364273563,1.2268824990623002,2.098184141112841,-0.12891629813531758,-0.29367561917163165,-0.12891629813531758
-0.46439351831790265,-1.2238600254058838,1.0,1.6788778605114612,1.2204011543934394,2.075574582654254,-0.46439351831790265,-0.1296268933772149,-0.46439351831790265
-0.2787291487689503,-1.413038969039917,1.0,1.6649414030730136,1.2307753178386551,2.070468004743753,-0.2787291487689503,0.2074832689043138,-0.2787291487689503
-0.01063162254280492,-0.7737599611282349,1.0,1.6644098219458734,1.2678826645976893,2.092316062782397,-0.01063162254280492,0.7421469351806831,-0.01063162254280492
0.307601965372597,-1.698451042175293,1.0,1.6797899202145032,1.276229661529859,2.109610467603644,0.307601965372597,0.1669399386433934,0.307601965372597
0.20945227447535686,-1.3708385229110718,1.0,1.690262533938271,1.2729187453793873,2.1159653981040565,0.20945227447535686,-0.06621832300943264,0.20945227447535686
0.2415207962341226,-1.9975746870040894,1.0,1.7023385737499772,1.2735284175064934,2.1259894754851683,0.2415207962341226,0.012193442542121069,0.2415207962341226
0.10670890868023086,-0.9140934944152832,1.0,1.7076740191839888,1.28188227350213,2.135268769713777,0.10670890868023086,0.167077119912733,0.10670890868023086
-0.024333703347578783,-1.8098372220993042,1.0,1.7064573340166098,1.2840150924462546,2.1355775308915477,-0.024333703347578783,0.04265637888249074,-0.024333703347578783
-0.27516358938302954,-1.0277223587036133,1.0,1.6926991545474583,1.28071025024786,2.122604337340244,-0.27516358938302954,-0.06609684396789106,-0.27516358938302954
0.08316429943227899,-1.5198885202407837,1.0,1.6968573695190723,1.2857028937852086,2.1289332689351363,0.08316429943227899,0.09985287074697258,0.08316429943227899
0.804435080557222,-0.8810623288154602,1.0,1.7370791235469334,1.2813557511470555,2.1585449827279986,0.804435080557222,-0.08694285276306335,0.804435080557222
0.7317627143735539,-1.2761880159378052,1.0,1.773667259265611,1.2825142801610225,2.18877555391313,0.7317627143735539,0.02317058027934138,0.7317627143735539
0.4938602059090069,-1.5850483179092407,1.0,1.7983602695610614,1.2880415929055133,2.212046745480372,0.4938602059090069,0.11054625488981618,0.4938602059090069
0.44360671541338714,-1.066246747970581,1.0,1.8205406053317308,1.29182816615323,2.2323055585041316,0.44360671541338714,0.07573146495433392,0.44360671541338714
0.4690954195052477,-1.220306158065796,1.0,1.8439953763069932,1.2936615280910322,2.2525272688925195,0.4690954195052477,0.03666723875604294,0.4690954195052477
0.38045183993455023,-1.1149747371673584,1.0,1.8630179683037207,1.2925790487800313,2.2675088858850394,0.38045183993455023,-0.021649586220018335,0.38045183993455023
0.2243214697057727,-1.2129462957382202,1.0,1.8742340417890093,1.2851191021843393,2.272506182653822,0.2243214697057727,-0.1491989319138387,0.2243214697057727
0.1818648958139235,-0.8976287841796875,1.0,1.8833272865797055,1.2792965266017389,2.276734782830655,0.1818648958139235,-0.11645151165200929,0.1818648958139235
0.7323083089403104,-1.7551668882369995,1.0,1.919942702026721,1.2820536173838812,2.3086449395506365,0.7323083089403104,0.05514181564284737,0.7323083089403104
0.9532552679853978,-0.6923706531524658,1.0,1.967605465425991,1.2996007590376342,2.3580571240886905,0.9532552679853978,0.3509428330750586,0.9532552679853978
0.15716032057249585,-1.0920324325561523,1.0,1.9754634814546157,1.324393946049369,2.3783345624392314,0.15716032057249585,0.4958637402346966,0.15716032057249585
-0.002005466141392631,-2.226759433746338,1.0,1.975363208147546,1.3484218330428552,2.391715125998416,-0.002005466141392631,0.4805577398697247,-0.002005466141392631
-0.17576682327433257,-1.0978597402572632,1.0,1.9665748669838294,1.362978251934748,2.392723641104331,-0.17576682327433257,0.29112837783785483,-0.17576682327433257
-0.36830924419483324,-1.6585581302642822,1.0,1.9481594047740878,1.3772314975521385,2.3858104837265333,-0.36830924419483324,0.28506491234780995,-0.36830924419483324
-0.42159268055712573,-0.8383362889289856,1.0,1.9270797707462315,1.3969619544468161,2.3801552774958226,-0.42159268055712573,0.39460913789355345,-0.42159268055712573
-0.33211701875316635,-0.9254238605499268,1.0,1.9104739198085732,1.4321657302474509,2.3876786377492154,-0.33211701875316635,0.7040755160126944,-0.33211701875316635
-0.36186269833147655,-1.5302926301956177,1.0,1.8923807848919993,1.4722259903779435,2.3976143146412805,-0.36186269833147655,0.8012052026098537,-0.36186269833147655
-0.3255756751631633,-0.29429301619529724,1.0,1.8761020011338412,1.5071554266388392,2.4065070535332542,-0.3255756751631633,0.6985887252179124,-0.3255756751631633
0.08262556356252393,-1.4190120697021484,1.0,1.8802332793119674,1.5296724858749535,2.423876048537774,0.08262556356252393,0.4503411847222871,0.08262556356252393
0.2897835817869332,-0.6437832117080688,1.0,1.894722458401314,1.5492088113581044,2.447451967978107,0.2897835817869332,0.3907265096630175,0.2897835817869332
-0.3056897478188514,-1.644521951675415,1.0,1.8794379710103715,1.555632519417874,2.439729415805364,-0.3056897478188514,0.128474161195391,-0.3056897478188514
-0.5506894737544021,-1.5007388591766357,1.0,1.8519034973226514,1.5565927680880072,2.419199786925369,-0.5506894737544021,0.01920497340266447,-0.5506894737544021
-0.49706460862891433,-2.2307777404785156,1.0,1.8270502668912056,1.5718036042290728,2.4101201729404966,-0.49706460862891433,0.3042167228213133,-0.49706460862891433
-0.3683098761702963,-1.972184419631958,1.0,1.8086347730826908,1.5928510154299536,2.4100485679255743,-0.3683098761702963,0.42094822401761434,-0.3683098761702963
-0.27046490992725936,-1.4009065628051758,1.0,1.7951115275863279,1.6092153521588346,2.4108088779695915,-0.27046490992725936,0.3272867345776209,-0.27046490992725936
-0.2624187311358428,-1.5005674362182617,1.0,1.7819905910295357,1.623157311793246,2.410421151032672,-0.2624187311358428,0.27883919268822943,-0.2624187311358428
-0.07086218723883153,-1.6918690204620361,1.0,1.7784474816675941,1.612453249409037,2.4006001180079055,-0.07086218723883153,-0.21408124768418357,-0.07086218723883153
-0.05329441644245314,-1.276477575302124,1.0,1.7757827608454715,1.5939261843056411,2.3862114522252855,-0.05329441644245314,-0.3705413020679149,-0.05329441644245314
-0.06343351381367768,-1.4252967834472656,1.0,1.7726110851547876,1.5812136428148547,2.375370843350035,-0.06343351381367768,-0.2542508298157298,-0.06343351381367768
-0.39643521508376356,-1.5850629806518555,1.0,1.7527893244005994,1.5792695938848493,2.3593140668215256,-0.39643521508376356,-0.03888097860010653,-0.39643521508376356
-0.5947142171869135,-1.1252480745315552,1.0,1.7230536135412537,1.5903979872498302,2.3448410421574173,-0.5947142171869135,0.22256786729961675,-0.5947142171869135
-0.2903876412790307,-1.0518404245376587,1.0,1.7085342314773022,1.6048449525844886,2.3440598418055894,-0.2903876412790307,0.2889393066931678,-0.2903876412790307
-0.16120495349558173,-1.6698451042175293,1.0,1.7004739838025231,1.615868463294965,2.3457712293104063,-0.16120495349558173,0.22047021420952717,-0.16120495349558173
-0.11387229627343842,-1.4606016874313354,1.0,1.6947803689888512,1.6194614706867536,2.3441279730741855,-0.11387229627343842,0.07186014783577388,-0.11387229627343842
-0.2051305057904962,-1.3323545455932617,1.0,1.6845238436993264,1.620282611367928,2.3372925192822627,-0.2051305057904962,0.016422813623488963,-0.2051305057904962
-0.5017759516292974,-1.374993085861206,1.0,1.6594350461178615,1.6371994321169947,2.331125619268168,-0.5017759516292974,0.3383364149813328,-0.5017759516292974
-0.565336342210303,-1.5920932292938232,1.0,1.6311682290073464,1.660569017407281,2.32770256968023,-0.565336342210303,0.4673917058057242,-0.565336342210303
-0.781075112785028,-0.9606684446334839,1.0,1.592114473368095,1.6974473974799793,2.3272636643749074,-0.781075112785028,0.7375676014539678,-0.781075112785028
-0.544416689061995,-1.0964614152908325,1.0,1.5648936389149952,1.7338541367072264,2.335624599222524,-0.544416689061995,0.7281347845449426,-0.544416689061995
-0.40363864180094744,-1.9758968353271484,1.0,1.5447117068249478,1.7699918487333441,2.3492563508022117,-0.40363864180094744,0.7227542405223542,-0.40363864180094744
-0.21861621779278195,-0.8663449287414551,1.0,1.5337808959353088,1.7866510814131926,2.35469869058677,-0.21861621779278195,0.3331846535969696,-0.21861621779278195
0.4222090495393216,-1.433036208152771,1.0,1.5548913484122748,1.7889758955016428,2.3702577623653607,0.4222090495393216,0.046496281769004,0.4222090495393216
0.19328429900689503,-1.423782467842102,1.0,1.5645555633626196,1.796611047658524,2.3823613007723208,0.19328429900689503,0.15270304313762306,0.19328429900689503
-0.4057514154940378,-1.3208496570587158,1.0,1.5442679925879177,1.793103856863599,2.366428759635631,-0.4057514154940378,-0.07014381589849794,-0.4057514154940378
-0.38942650332450146,-1.8110250234603882,1.0,1.5247966674216926,1.7880130711633437,2.3498926825774986,-0.38942650332450146,-0.1018157140051068,-0.38942650332450146
-0.11010518969228222,-1.7874470949172974,1.0,1.5192914079370785,1.7815360960334696,2.3413921593149674,-0.11010518969228222,-0.12953950259748215,-0.11010518969228222
0.1116103281101033,-1.1616261005401611,1.0,1.5248719243425837,1.7782335477428384,2.342509111181072,0.1116103281101033,-0.06605096581262515,0.1116103281101033
-0.27284670073833617,-1.3552782535552979,1.0,1.5112295893056669,1.7766726819217704,2.332462366315922,-0.27284670073833617,-0.031217316421359165,-0.27284670073833617
-0.7608837427548432,-1.8511420488357544,1.0,1.4731854021679247,1.783188312566774,2.3130144373166823,-0.7608837427548432,0.130312612900072,-0.7608837427548432
-0.7988346959052528,-1.3962703943252563,1.0,1.433243667372662,1.7966956844664488,2.2983260849244607,-0.7988346959052528,0.2701474379934954,-0.7988346959052528
-0.49361652995252303,-1.204397201538086,1.0,1.408562840875036,1.7798423101274616,2.269777065179268,-0.49361652995252303,-0.33706748677974296,-0.49361652995252303
-0.63042474792951,-0.8713169693946838,1.0,1.3770416034785604,1.7561061847971065,2.2316255308616304,-0.63042474792951,-0.4747225066071037,-0.63042474792951
-0.6361833949561646,-1.4834589958190918,1.0,1.3452324337307522,1.7419152602259618,2.2008905185331784,-0.6361833949561646,-0.2838184914228936,-0.6361833949561646
-0.6585589765712463,-0.9600054025650024,1.0,1.3123044849021899,1.7274558011836116,2.16938853277538,-0.6585589765712463,-0.2891891808470026,-0.6585589765712463
-0.46482984787134196,-0.5080591440200806,1.0,1.2890629925086228,1.7065366874152574,2.138679701158994,-0.46482984787134196,-0.41838227536708406,-0.46482984787134196
0.0967244390488986,-1.3398934602737427,1.0,1.2938992144610677,1.680939091010876,2.121257034135995,0.0967244390488986,-0.5119519280876306,0.0967244390488986
1.0004404516948684,-1.074488639831543,1.0,1.3439212370458111,1.6622069590686563,2.1375350912111393,1.0004404516948684,-0.3746426388443913,1.0004404516948684
0.9266338103063498,-1.1307891607284546,1.0,1.3902529275611286,1.6502624713408984,2.15781589272775,0.9266338103063498,-0.23888975455515826,0.9266338103063498
1.0548912695161272,-0.8348234295845032,1.0,1.442997491036935,1.644668493093053,2.1879616567279836,1.0548912695161272,-0.1118795649569071,1.0548912695161272
1.253140779584636,-0.9062030911445618,1.0,1.5056545300161668,1.6464547370584572,2.2311003484694356,1.253140779584636,0.035724879308083324,1.253140779584636
1.1655415295201221,-1.3513253927230835,1.0,1.5639316064921729,1.6544601188342942,2.276646734695213,1.1655415295201221,0.16010763551673968,1.1655415295201221
0.8955522449778686,-0.9791461825370789,1.0,1.6087092187410663,1.672592333981378,2.3206702622638495,0.8955522449778686,0.3626443029416748,0.8955522449778686
0.6272602367269586,-1.2556893825531006,1.0,1.6400722305774142,1.698924216012972,2.3613937438018393,0.6272602367269586,0.5266376406318818,0.6272602367269586
0.6405569978064696,-1.8410462141036987,1.0,1.6721000804677377,1.7091466855846793,2.3910460204574293,0.6405569978064696,0.20444939143414498,0.6405569978064696
0.7706339350765212,-1.3131601810455322,1.0,1.7106317772215638,1.7125975052076938,2.4205890382474724,0.7706339350765212,0.06901639246029045,0.7706339350765212
0.2778490683163559,-1.5727177858352661,1.0,1.7245242306373816,1.711797293985189,2.429862917481245,0.2778490683163559,-0.01600422445009464,0.2778490683163559
0.36345684010461454,-0.8230526447296143,1.0,1.7426970726426123,1.7358462534655972,2.459706344803721,0.36345684010461454,0.48097918960816166,0.36345684010461454
0.16251320518298584,-1.1356582641601562,1.0,1.7508227329017616,1.7559002067606426,2.4796301696316854,0.16251320518298584,0.4010790659009089,0.16251320518298584
0.12554855178943392,-1.0759221315383911,1.0,1.7571001604912333,1.7729972463663726,2.496181125163208,0.12554855178943392,0.34194079211459893,0.12554855178943392
0.33327922491915185,-0.9760900735855103,1.0,1.773764121737191,1.778976927499426,2.5121699918869753,0.33327922491915185,0.11959362266106943,0.33327922491915185
0.4017353773637744,-1.5456693172454834,1.0,1.7938508906053796,1.7881520410282352,2.53286176874285,0.4017353773637744,0.1835022705761835,0.4017353773637744
0.4914938056540308,-1.643452525138855,1.0,1.8184255808880812,1.792374392140426,2.5532875973593177,0.4914938056540308,0.0844470222438165,0.4914938056540308
0.4956621420622431,-2.327798366546631,1.0,1.8432086879911933,1.7937596102683453,2.5719626371540203,0.4956621420622431,0.027704362558385043,0.4956621420622431
0.2185598985117121,-0.2557257413864136,1.0,1.854136682916779,1.789940780004666,2.5771516903087694,0.2185598985117121,-0.07637660527358481,0.2185598985117121
0.32613087373810856,-1.5981078147888184,1.0,1.8704432266036843,1.778236939952101,2.5808301917324616,0.32613087373810856,-0.2340768010513017,0.32613087373810856
0.2585376542889417,-1.032193899154663,1.0,1.8833701093181314,1.7613531342124826,2.5786523286540834,0.2585376542889417,-0.3376761147923668,0.2585376542889417
-0.07745442212652165,-1.5798956155776978,1.0,1.8794973882118053,1.7488192943928624,2.5672707992605197,-0.07745442212652165,-0.2506767963924039,-0.07745442212652165
-0.004848584822738644,-1.8549922704696655,1.0,1.8792549589706684,1.7526307594193369,2.569691378294026,-0.004848584822738644,0.07622930052948895,-0.004848584822738644
-0.06538201529014742,-2.3997983932495117,1.0,1.875985858206161,1.7644588789073457,2.5753908587910446,-0.06538201529014742,0.2365623897601754,-0.06538201529014742
-0.26975916888883233,-1.3912904262542725,1.0,1.8624978997617194,1.7732753042407068,2.5716538902517163,-0.26975916888883233,0.17632850666722266,-0.26975916888883233
-0.3402511006850828,-1.794919729232788,1.0,1.8454853447274653,1.789957439560526,2.57094608909676,-0.3402511006850828,0.33364270639638427,-0.3402511006850828
0.038229179151789694,-1.0000016689300537,1.0,1.8473968036850548,1.8221157553923044,2.5947987930309018,0.038229179151789694,0.6431663166355683,0.038229179151789694
0.5915971796000719,-1.3918766975402832,1.0,1.8769766626650584,1.8533015625574916,2.6377581530472614,0.5915971796000719,0.623716143303743,0.5915971796000719
1.5415326120305695,-1.310163974761963,1.0,1.9540532932665868,1.8580930635564201,2.6964484244580826,1.5415326120305695,0.0958300199785711,1.5415326120305695
1.3769633589459085,-0.8258565664291382,1.0,2.0229014612138823,1.8588195017850142,2.747242301290068,1.3769633589459085,0.01452876457188168,1.3769633589459085
1.2229742067655192,-0.9523326754570007,1.0,2.084050171552158,1.8578831908423887,2.791951838474524,1.2229742067655192,-0.01872621885250947,1.2229742067655192
1.366797181600612,-1.1793575286865234,1.0,2.152390030632189,1.850779283369724,2.838691036325613,1.366797181600612,-0.142078149453293,1.366797181600612
1.421749910779937,-1.1390728950500488,1.0,2.2234775261711857,1.8418852562274914,2.887281352154055,1.421749910779937,-0.17788054284465282,1.421749910779937
1.4202962620409032,-0.9868643879890442,1.0,2.294492339273231,1.8532064176638028,2.9494184378371697,1.4202962620409032,0.2264232287262269,1.4202962620409032
0.8659550772198621,-1.4207335710525513,1.0,2.337790093134224,1.8958663915849967,3.009912273521944,0.8659550772198621,0.8531994784238783,0.8659550772198621
0.4198514784199414,-1.0187263488769531,1.0,2.358782667055221,1.926980477689863,3.04583476764548,0.4198514784199414,0.6222817220973242,0.4198514784199414
0.45021524270386415,-1.2957789897918701,1.0,2.381293429190414,1.9342195844255576,3.0678598072077574,0.45021524270386415,0.14478213471389445,0.45021524270386415
0.2902363594295565,-1.6028298139572144,1.0,2.395805247161892,1.9277916628041527,3.075103815728122,0.2902363594295565,-0.1285584324280986,0.2902363594295565
0.4277083185221109,-1.6334428787231445,1.0,2.4171906630879976,1.9245239118173207,3.0897577556948437,0.4277083185221109,-0.06535501973663926,0.4277083185221109
0.5377701956624925,-1.6193305253982544,1.0,2.444079172871122,1.920878934562775,3.1085847076297295,0.5377701956624925,-0.07289954509091423,0.5377701956624925
0.4458421898559184,-1.172130823135376,1.0,2.466371282363918,1.906383466570877,3.1172560408288943,0.4458421898559184,-0.28990935983796096,0.4458421898559184
0.37667904002364416,-0.9533074498176575,1.0,2.4852052343651003,1.8861326579016762,3.1198944629777037,0.37667904002364416,-0.4050161733840163,0.37667904002364416
0.12001188963566278,-1.1230930089950562,1.0,2.4912058288468835,1.8679848513740174,3.113755591989117,0.12001188963566278,-0.3629561305531759,0.12001188963566278
0.01664800015861445,-1.8744075298309326,1.0,2.492038228854814,1.8762322493640329,3.119375255981149,0.01664800015861445,0.16494795980031007,0.01664800015861445
-0.14254756368789145,-2.1830434799194336,1.0,2.4849108506704196,1.8864763184161912,3.1198677593328688,-0.14254756368789145,0.2048813810431671,-0.14254756368789145
-0.24357142166647527,-1.4579036235809326,1.0,2.472732279587096,1.8907891057898618,3.112794302405095,-0.24357142166647527,0.08625574747341158,-0.24357142166647527
0.016467582599650754,-1.165077567100525,1.0,2.4735556587170784,1.885616180328202,3.1103096270768282,0.016467582599650754,-0.10345850923319411,0.016467582599650754
0.04887548799342056,-1.4485644102096558,1.0,2.4759994331167494,1.880344989589376,3.10906263569397,0.04887548799342056,-0.10542381477652185,0.04887548799342056
-0.13571035799806452,-1.7195638418197632,1.0,2.469213915216846,1.884446780425588,3.106148262294778,-0.13571035799806452,0.08203581672423965,-0.13571035799806452
-0.29846859819708804,-1.7735499143600464,1.0,2.454290485306992,1.8960150673224694,3.1013569484634074,-0.29846859819708804,0.2313657379376277,-0.29846859819708804
-0.3111857768277293,-1.4662702083587646,1.0,2.4387311964656053,1.903424356316277,3.093611825816645,-0.3111857768277293,0.148185779876151,-0.3111857768277293
-0.21714930688905731,-1.260014533996582,1.0,2.4278737311211525,1.8757930825522735,3.068089070222556,-0.21714930688905731,-0.5526254752800686,-0.21714930688905731
-0.1440702324976062,-1.2966725826263428,1.0,2.420670219496272,1.8540716488283875,3.0491352857073015,-0.1440702324976062,-0.4344286744777204,-0.1440702324976062
-0.2980345238601334,-1.6178669929504395,1.0,2.4057684933032655,1.8517408981246202,3.0358963086966657,-0.2980345238601334,-0.046615014075346295,-0.2980345238601334
0.13172221460081346,-1.2075783014297485,1.0,2.412354604033306,1.8605536953530881,3.0464922105419405,0.13172221460081346,0.176255944569359,0.13172221460081346
0.128535203774085,-1.709869384765625,1.0,2.4187813642220104,1.877347827903751,3.0618520791904076,0.128535203774085,0.3358826510132573,0.128535203774085
-0.15999746605690035,-0.9552459716796875,1.0,2.4107814909191654,1.9021732057941294,3.070851722535549,-0.15999746605690035,0.4965075578075684,-0.15999746605690035
-0.1104370058280324,-1.5512293577194214,1.0,2.4052596406277638,1.9297323759109528,3.083689507954997,-0.1104370058280324,0.5511834023364681,-0.1104370058280324
-0.1324070944918443,-1.2082291841506958,1.0,2.3986392859031715,1.9564762968251195,3.0953626482072516,-0.1324070944918443,0.5348784182833333,-0.1324070944918443
-0.24353852172941615,-0.4255276918411255,1.0,2.3864623598167007,1.9846416242172904,3.1038693547566947,-0.24353852172941615,0.5633065478434185,-0.24353852172941615
-0.05505701904839455,-1.1387667655944824,1.0,2.383709508864281,2.0166785011426653,3.1223489874805828,-0.05505701904839455,0.6407375385074987,-0.05505701904839455
0.05015049552262951,-1.15188729763031,1.0,2.3862170336404125,2.0385803727811145,3.138445740796555,0.05015049552262951,0.4380374327689829,0.05015049552262951
-0.43313802114470334,-1.3953384160995483,1.0,2.3645601325831773,2.039127669397734,3.122368695830972,-0.43313802114470334,0.010945932332386832,-0.43313802114470334
-0.8947487943552446,-1.7821645736694336,1.0,2.319822692865415,2.0365196292488394,3.0869061415354335,-0.8947487943552446,-0.0521608029778875,-0.8947487943552446
-0.3442693311010103,-1.9860374927520752,1.0,2.3026092263103646,2.0192508859088267,3.0625778993085544,-0.3442693311010103,-0.3453748668002543,-0.3442693311010103
0.28241899634027234,-1.626070261001587,1.0,2.316730176127378,2.00339362124168,3.0628132020433507,0.28241899634027234,-0.3171452933429375,0.28241899634027234
-0.0047156027095240916,-1.2971856594085693,1.0,2.316494395991902,1.9868263800145909,3.051823283052898,-0.0047156027095240916,-0.3313448245417794,-0.0047156027095240916
0.0750574040604679,-1.397842288017273,1.0,2.3202472661949254,1.9799275813145856,3.0501902569405814,0.0750574040604679,-0.1379759740001063,0.0750574040604679
0.06793166990374466,-1.6179754734039307,1.0,2.3236438496901126,1.9689515811241782,3.0456675900390193,0.06793166990374466,-0.21952000380814685,0.06793166990374466
-0.02290245876448438,-2.3582143783569336,1.0,2.3224987267518884,1.9502171032266873,3.032712826081961,-0.02290245876448438,-0.37468955794981884,-0.02290245876448438
0.4238916079959587,-1.421180009841919,1.0,2.3436933071516863,1.9227893009205022,3.0315040843980343,0.4238916079959587,-0.5485560461237027,0.4238916079959587
0.2627704836544975,-1.6296554803848267,1.0,2.356831831334411,1.870376823096131,3.008814673848539,0.2627704836544975,-1.0482495564874217,0.2627704836544975
0.25572769071541934,-1.6518793106079102,1.0,2.369618215870182,1.8090283710650363,2.9812202428371513,0.25572769071541934,-1.2269690406218947,0.25572769071541934
0.3357281905225129,-1.6578006744384766,1.0,2.386404625396308,1.7531487611856933,2.9611581543308056,0.3357281905225129,-1.1175921975868608,0.3357281905225129
0.6362111611692622,-1.2210235595703125,1.0,2.418215183454771,1.6985509875680527,2.9551379207846793,0.6362111611692622,-1.0919554723528124,0.6362111611692622
1.0655244520101625,-1.0530232191085815,1.0,2.471491406055279,1.6710875177085243,2.9834214020225733,1.0655244520101625,-0.5492693971905682,1.0655244520101625
0.8724714268828215,-1.592857003211975,1.0,2.51511497739942,1.6760836864628206,3.0224261568424935,0.8724714268828215,0.0999233750859263,0.8724714268828215
0.9429851770794606,-1.3423198461532593,1.0,2.562264236253393,1.686782847090526,3.067643132703347,0.9429851770794606,0.21398321255410746,0.9429851770794606
0.7316239396184532,-1.5253667831420898,1.0,2.598845433234316,1.6899144614114483,3.0999691083509853,0.7316239396184532,0.06263228641844698,0.7316239396184532
-0.09918167278257783,-1.4258984327316284,1.0,2.593886349595187,1.6627333436906284,3.0810596499965497,-0.09918167278257783,-0.5436223544163976,-0.09918167278257783
-0.1448816533755526,-1.9025721549987793,1.0,2.5866422669264093,1.6485135789968322,3.067297709252745,-0.1448816533755526,-0.2843952938759253,-0.1448816533755526
-0.0334135760883747,-0.7839787006378174,1.0,2.5849715881219906,1.6369174604890562,3.059669407607931,-0.0334135760883747,-0.23192237015551953,-0.0334135760883747
0.09054265048691335,-1.5031557083129883,1.0,2.5894987206463362,1.627178957753656,3.058302631327594,0.09054265048691335,-0.19477005470800446,0.09054265048691335
-0.2632604606529565,-1.1709675788879395,1.0,2.5763356976136884,1.6288049445451651,3.0480339850751976,-0.2632604606529565,0.032519735830183194,-0.2632604606529565
-0.4975689325157795,-2.0042872428894043,1.0,2.5514572509878994,1.6223555733339543,3.023569365823525,-0.4975689325157795,-0.12898742422421616,-0.4975689325157795
-0.5812658644150748,-0.5433958172798157,1.0,2.5223939577671457,1.5958615130879212,2.984835882780739,-0.5812658644150748,-0.5298812049206614,-0.5812658644150748
-0.3404389627503157,-1.73067307472229,1.0,2.50537200962963,1.5718593223177288,2.957639368785985,-0.3404389627503157,-0.4800438154038478,-0.3404389627503157
-0.24022644142403848,-1.6243972778320312,1.0,2.493360687558428,1.551362724653486,2.9365922123621666,-0.24022644142403848,-0.40993195328485665,-0.24022644142403848
-0.417302368629926,-1.561380386352539,1.0,2.4724955691269317,1.5395527875953012,2.9126374860501905,-0.417302368629926,-0.23619874116369566,-0.417302368629926
-0.5753641820853961,-1.134960651397705,1.0,2.443727360022662,1.538422139216037,2.8876540804870268,-0.5753641820853961,-0.02261296758528264,-0.5753641820853961
-0.33911855248232037,-0.9442234635353088,1.0,2.426771432398546,1.5439168274935215,2.8762647227477776,-0.33911855248232037,0.109893765549689,-0.33911855248232037
-0.20070716876021244,-1.0501140356063843,1.0,2.4167360739605352,1.5600415420282117,2.87651575070187,-0.20070716876021244,0.3224942906938022,-0.20070716876021244
-0.18483539623963985,-1.0706803798675537,1.0,2.4074943041485533,1.5662905093895845,2.872158558351473,-0.18483539623963985,0.1249793472274563,-0.18483539623963985
0.1409745623051517,-1.1637325286865234,1.0,2.414543032263811,1.5725617948264472,2.881487229401077,0.1409745623051517,0.12542570873725456,0.1409745623051517
0.3708180259840166,-1.722198486328125,1.0,2.4330839335630117,1.5803222268911516,2.901261065221237,0.3708180259840166,0.15520864129408896,0.3708180259840166
0.5549333116389388,-1.7700189352035522,1.0,2.4608305991449586,1.5746175330405943,2.9214906491459085,0.5549333116389388,-0.1140938770111477,0.5549333116389388
0.47543774257851723,-1.077063798904419,1.0,2.4846024862738845,1.567227982266746,2.9375930731124527,0.47543774257851723,-0.1477910154769635,0.47543774257851723
0.5307866555308483,-1.3237119913101196,1.0,2.511141819050427,1.5569475780408328,2.9546436326824765,0.5307866555308483,-0.20560808451826507,0.5307866555308483
0.81729748641866,-1.2299597263336182,1.0,2.55200669337136,1.5417277886109564,2.9815537454802743,0.81729748641866,-0.304395788597529,0.81729748641866
1.0831228528933146,-0.9474876523017883,1.0,2.6061628360160256,1.5297204642733446,3.0219413340843913,1.0831228528933146,-0.24014648675223516,1.0831228528933146
0.8843469795251568,-0.93017578125,1.0,2.6503801849922834,1.558173741142828,3.0744789042351175,0.8843469795251568,0.569065537389668,0.8843469795251568
0.8192909933178694,-0.7038096189498901,1.0,2.691344734658177,1.598459804193512,3.130241240926113,0.8192909933178694,0.805721261013681,0.8192909933178694
0.8122908097577941,-1.5975873470306396,1.0,2.7319592751460666,1.6330721059116358,3.182848721532848,0.8122908097577941,0.6922460343624737,0.8122908097577941
0.5556190171685493,-1.7432318925857544,1.0,2.759740226004494,1.6551862008536942,3.2180440448390106,0.5556190171685493,0.4422818988411681,0.5556190171685493
-0.15070982172324499,-1.5256198644638062,1.0,2.752204734918332,1.6533203707253352,3.21062286031266,-0.15070982172324499,-0.03731660256717895,-0.15070982172324499
-0.20789610797851132,-1.909471035003662,1.0,2.7418099295194063,1.6559141753199282,3.2030568907899046,-0.20789610797851132,0.051876091891860376,-0.20789610797851132
-0.16270156405600922,-1.2533046007156372,1.0,2.733674851316606,1.6671370609350489,3.2019250729309734,-0.16270156405600922,0.22445771230241274,-0.16270156405600922
0.05711873151245328,-1.1805568933486938,1.0,2.7365307878922285,1.6734606331122366,3.2076582180242443,0.05711873151245328,0.12647144354375417,0.05711873151245328
-0.06091343567177887,-1.0746986865997314,1.0,2.7334851161086395,1.6826950582457285,3.209891515150015,-0.06091343567177887,0.1846885026698386,-0.06091343567177887
-0.011131708898126647,-1.1860175132751465,1.0,2.732928530663733,1.6922502870564924,3.214437647203413,-0.011131708898126647,0.19110457621527743,-0.011131708898126647
0.013869249540219286,-1.1631983518600464,1.0,2.733621993140744,1.7021299370307383,3.220238426563946,0.013869249540219286,0.19759299948491904,0.013869249540219286
-0.3982874790695412,-1.0163109302520752,1.0,2.713707619187267,1.708536530834852,3.2067594421210046,-0.3982874790695412,0.1281318760822714,-0.3982874790695412
-1.0619209334442647,-1.6595146656036377,1.0,2.660611572515054,1.716251469726432,3.1661290319788242,-1.0619209334442647,0.15429877783160073,-1.0619209334442647
-1.122886642146872,-1.3349719047546387,1.0,2.6044672404077103,1.719937752940326,3.121127277178291,-1.122886642146872,0.07372566427787941,-1.122886642146872
-0.6039775517543156,-0.9651370644569397,1.0,2.5742683628199945,1.707369054806924,3.0890073960947753,-0.6039775517543156,-0.2513739626680378,-0.6039775517543156
-0.5407528242370407,-1.3812189102172852,1.0,2.5472307216081425,1.6896232470398438,3.0566666592943696,-0.5407528242370407,-0.3549161553416047,-0.5407528242370407
-0.7578395274583993,-1.6150315999984741,1.0,2.5093387452352225,1.6960391559253292,3.0287505273248545,-0.7578395274583993,0.12831817770970755,-0.7578395274583993
-0.9926982091203485,-1.13922119140625,1.0,2.459703834779205,1.6991377917392108,2.989517049649312,-0.9926982091203485,0.06197271627763179,-0.9926982091203485
-1.4546235948888953,-1.6435242891311646,1.0,2.3869726550347603,1.6926273657252826,2.926196482652148,-1.4546235948888953,-0.130208520278563,-1.4546235948888953
-1.1627710075698516,-1.1176166534423828,1.0,2.3288341046562677,1.6980923987698469,2.8821842553469916,-1.1627710075698516,0.10930066089128498,-1.1627710075698516
-1.0077450415951272,-1.4628098011016846,1.0,2.2784468525765114,1.698713260808687,2.841996974393726,-1.0077450415951272,0.012417240776803062,-1.0077450415951272
-1.015346200881213,-1.0728754997253418,1.0,2.2276795425324507,1.694340455929669,2.7988114843300087,-1.015346200881213,-0.08745609758035844,-1.015346200881213
-0.9273688115136913,-1.6047767400741577,1.0,2.181311101956766,1.6877445839428291,2.758006509083725,-0.9273688115136913,-0.13191743973679948,-0.9273688115136913
-0.9032229244680057,-1.8256065845489502,1.0,2.136149955733366,1.6785038112304163,2.7167097153900515,-0.9032229244680057,-0.18481545424825718,-0.9032229244680057
-0.6320163923242195,-1.4793882369995117,1.0,2.104549136117155,1.6746564422008263,2.6895355111498698,-0.6320163923242195,-0.07694738059179862,-0.6320163923242195
-0.08023519626370934,-1.633849024772644,1.0,2.1005373763039694,1.6718109862182589,2.6846245999934575,-0.08023519626370934,-0.05690911965134937,-0.08023519626370934
0.17149897722340768,-1.0775262117385864,1.0,2.10911232516514,1.661254871060059,2.68479469360029,0.17149897722340768,-0.2111223031639975,0.17149897722340768
-0.20732416086255867,-1.8915791511535645,1.0,2.098746117122012,1.6535486980769543,2.6718829617044815,-0.20732416086255867,-0.1541234596620944,-0.20732416086255867
-0.2941799197693573,-0.9577123522758484,1.0,2.084037121133544,1.6508404752182038,2.6586622570159704,-0.2941799197693573,-0.05416445717500995,-0.2941799197693573
-0.2237563393039732,-1.3661003112792969,1.0,2.0728493041683453,1.650637658145389,2.649775257692412,-0.2237563393039732,-0.00405634145629552,-0.2237563393039732
-0.6765271034641263,-0.762540340423584,1.0,2.039022948995139,1.6647372710927317,2.6322926828706015,-0.6765271034641263,0.28199225894685487,-0.6765271034641263
-0.45716782345452955,-1.7712552547454834,1.0,2.0161645578224126,1.6907934565383878,2.6312928451413904,-0.45716782345452955,0.5211237089131204,-0.45716782345452955
-0.47598057286248885,-1.3473055362701416,1.0,1.992365529179288,1.7067150228088845,2.6234322119969855,-0.47598057286248885,0.3184313254099358,-0.47598057286248885
-0.3313561511647123,-1.5283229351043701,1.0,1.9757977216210525,1.7262356638672505,2.6236741802232513,-0.3313561511647123,0.39041282116731857,-0.3313561511647123
-0.22864342629371315,-0.8373541831970215,1.0,1.9643655503063668,1.7565231186367327,2.635167068998804,-0.22864342629371315,0.6057490953896449,-0.22864342629371315
-0.3090343486649427,-1.5317902565002441,1.0,1.9489138328731197,1.7932050884748305,2.6483673493864517,-0.3090343486649427,0.7336393967619559,-0.3090343486649427
-0.5314531078751239,-1.5536240339279175,1.0,1.9223411774793635,1.816428901165514,2.6447702273774376,-0.5314531078751239,0.4644762538136682,-0.5314531078751239
-0.43794942812273696,-0.982720136642456,1.0,1.9004437060732267,1.837447826354448,2.6434637872549014,-0.43794942812273696,0.42037850377868224,-0.43794942812273696
-0.09534475879943827,-1.1437186002731323,1.0,1.8956764681332547,1.8563996289415163,2.653263811641875,-0.09534475879943827,0.379036051741366,-0.09534475879943827
0.06127829006403296,-1.415562629699707,1.0,1.8987403826364564,1.8758218782226526,2.669067769741562,0.06127829006403296,0.38844498562272456,0.06127829006403296
0.28574400031269764,-1.3143479824066162,1.0,1.9130275826520913,1.889624664335212,2.6889321122058227,0.28574400031269764,0.27605572225118724,0.28574400031269764
0.4431360187606348,-1.6716669797897339,1.0,1.935184383590123,1.9107953265128783,2.7195730139701237,0.4431360187606348,0.42341324355332777,0.4431360187606348
0.5392039715559704,-1.2301193475723267,1.0,1.9621445821679215,1.9445855142082198,2.7625032458622334,0.5392039715559704,0.6758037539068296,0.5392039715559704
0.8090411609056458,-1.127670168876648,1.0,2.002596640213204,1.9779044027923545,2.8146934344575776,0.8090411609056458,0.6663777716826935,0.8090411609056458
0.1440092897417511,-0.7292337417602539,1.0,2.0097971047002914,1.9845695011277762,2.82450004547145,0.1440092897417511,0.13330196670843453,0.1440092897417511
-0.0319745708290764,-1.4185316562652588,1.0,2.0081983761588376,1.9842946888445483,2.8231695184993186,-0.0319745708290764,-0.005496245664557975,-0.0319745708290764
-0.035239404810241126,-0.987531304359436,1.0,2.0064364059183255,1.9880899268155008,2.8245864490398787,-0.035239404810241126,0.07590475941904984,-0.035239404810241126
0.12625632888500604,-1.394884705543518,1.0,2.012749222362576,1.993205651430746,2.832671566033842,0.12625632888500604,0.10231449230490242,0.12625632888500604
-0.05602157316800138,-1.3380515575408936,1.0,2.0099481437041757,2.0157855771636686,2.846626605911096,-0.05602157316800138,0.45159851465845335,-0.05602157316800138
0.15146513600845957,-0.5721830129623413,1.0,2.0175214005045987,2.0808262004619813,2.8983150756988247,0.15146513600845957,1.3008124659662545,0.15146513600845957
0.6960394924340196,-1.9620704650878906,1.0,2.0523233751262997,2.126619368560887,2.9554257180359165,0.6960394924340196,0.9158633619781131,0.6960394924340196
1.1338489412021158,-0.8587862253189087,1.0,2.1090158221864055,2.1633638967494693,3.0212730906013197,1.1338489412021158,0.7348905637716463,1.1338489412021158
0.7006468643290464,-1.7917397022247314,1.0,2.144048165402858,2.1856590653011163,3.0617067275133176,0.7006468643290464,0.44590337103294075,0.7006468643290464
0.4965552426065223,-0.9570679664611816,1.0,2.168875927533184,2.2009593318212035,3.0900234253745986,0.4965552426065223,0.30600533040174405,0.4965552426065223
0.14682614960394247,-1.394561529159546,1.0,2.176217235013381,2.204566392509037,3.0977466702346073,0.14682614960394247,0.07214121375667126,0.14682614960394247
-0.13496394557250824,-1.4280058145523071,1.0,2.1694690377347556,2.2073463418354313,3.094991725110752,-0.13496394557250824,0.055598986527884975,-0.13496394557250824
-0.43493149639796336,-0.5738853216171265,1.0,2.1477224629148575,2.191139792368609,3.0681925245020416,-0.43493149639796336,-0.32413098933644413,-0.43493149639796336
0.08150417770239393,-1.2820589542388916,1.0,2.151797671799977,2.191882428187198,3.0715764355391855,0.08150417770239393,0.014852716371773766,0.08150417770239393
0.25784379962201065,-1.413150429725647,1.0,2.1646898617810777,2.2128523749328655,3.0955771402024217,0.25784379962201065,0.4193989349133531,0.25784379962201065
0.24809283158018225,-1.195110559463501,1.0,2.177094503360087,2.2340135092891003,3.119384047572037,0.24809283158018225,0.4232226871246958,0.24809283158018225
0.09423911516838857,-0.7052359580993652,1.0,2.1818064591185062,2.2548948038764838,3.1376472079570066,0.09423911516838857,0.4176258917476705,0.09423911516838857
0.10753790976028021,-1.4062799215316772,1.0,2.1871833546065202,2.2616579120663527,3.146246579319581,0.10753790976028021,0.13526216379737832,0.10753790976028021
-0.13800370174008592,-1.525874137878418,1.0,2.180283169519516,2.261660641750125,3.1414556431265512,-0.13800370174008592,5.4593675447023315e-05,-0.13800370174008592
0.037850714322358314,-1.3958375453948975,1.0,2.182175705235634,2.2770491776465946,3.15386172270467,0.037850714322358314,0.30777071792939203,0.037850714322358314
0.2521664375506383,-1.6225190162658691,1.0,2.194784027113166,2.3041517816026134,3.182167870859987,0.2521664375506383,0.5420520791203742,0.2521664375506383
0.16676804850054516,-1.6966103315353394,1.0,2.203122429538193,2.327134122343984,3.2045751142564867,0.16676804850054516,0.4596468148274102,0.16676804850054516
-1.054076631059262,-1.4482386112213135,1.0,2.15041859798523,2.3256669895276234,3.167495397429843,-1.054076631059262,-0.029342656327209227,-1.054076631059262
-1.0786751375096326,-1.4017914533615112,1.0,2.0964848411097483,2.320883898730354,3.1275790574162587,-1.0786751375096326,-0.09566181594538925,-1.0786751375096326
-1.0223266263361985,-1.6160622835159302,1.0,2.0453685097929384,2.317419900047227,3.0909492609856097,-1.0223266263361985,-0.06927997366253713,-1.0223266263361985
-0.9639680387720739,-1.2981045246124268,1.0,1.9971701078543347,2.3164038010025836,3.0584988162505655,-0.9639680387720739,-0.020321980892870073,-0.9639680387720739
-0.9526077819145184,-0.9145128726959229,1.0,1.9495397187586088,2.3276094337394575,3.036193470622436,-0.9526077819145184,0.22411265473747832,-0.9526077819145184
-0.9057935059029676,-1.7929370403289795,1.0,1.9042500434634604,2.351337949715365,3.0257161766765646,-0.9057935059029676,0.47457031951815054,-0.9057935059029676
-0.09312122850959614,-1.0890212059020996,1.0,1.8995939820379806,2.3518851208359397,3.023213673924553,-0.09312122850959614,0.010943422411493486,-0.09312122850959614
0.2739859017272872,-1.0205590724945068,1.0,1.913293277124345,2.3357459230719515,3.019337705762053,0.2739859017272872,-0.322783955279764,0.2739859017272872
0.25541257989488475,-0.760568380355835,1.0,1.9260639061190892,2.3193390823604765,3.014806121364931,0.25541257989488475,-0.3281368142295005,0.25541257989488475
0.022769425094422147,-1.4779458045959473,1.0,1.9272023773738103,2.3135882793944442,3.011112706277633,0.022769425094422147,-0.11501605932064507,0.022769425094422147
0.2556654303669381,-1.5285561084747314,1.0,1.9399856488921572,2.318865490881924,3.0233559966882155,0.2556654303669381,0.10554422974959898,0.2556654303669381
0.44836401639096746,-0.9633181095123291,1.0,1.9624038497117056,2.330078000238936,3.0463572273390396,0.44836401639096746,0.2242501871402336,0.44836401639096746
0.3166044455593209,-1.5623054504394531,1.0,1.9782340719896716,2.3367403612491335,3.061660588548569,0.3166044455593209,0.13324722020395363,0.3166044455593209
0.3914294141012009,-0.8918625116348267,1.0,1.9978055426947317,2.325680858092345,3.0659449506015166,0.3914294141012009,-0.22119006313577216,0.3914294141012009
0.48657449290017585,-1.4963322877883911,1.0,2.0221342673397404,2.322653213036128,3.0795689541195013,0.48657449290017585,-0.060552901124335534,0.48657449290017585
0.16057238319377554,-2.424898147583008,1.0,2.030162886499429,2.315537872433132,3.079492975213915,0.16057238319377554,-0.14230681205992468,0.16057238319377554
-0.2418767078766937,-1.2599918842315674,1.0,2.0180690511055945,2.3259490801039946,3.0793898451262796,-0.2418767078766937,0.20822415341725353,-0.2418767078766937
-0.27919684424814406,-1.939940094947815,1.0,2.0041092088931873,2.341882699898604,3.0823478553295782,-0.27919684424814406,0.31867239589218777,-0.27919684424814406
-0.2246254120763247,-1.2108219861984253,1.0,1.992877938289371,2.353745090011788,3.0841009104235053,-0.2246254120763247,0.2372478022636848,-0.2246254120763247
0.050704614636183365,-1.5809221267700195,1.0,1.9954131690211803,2.355719154793359,3.087245771130554,0.050704614636183365,0.039481295631418334,0.050704614636183365
0.10135136703603997,-1.5889887809753418,1.0,2.0004807373729823,2.357068544107281,3.091552248017227,0.10135136703603997,0.026987786278436232,0.10135136703603997
-0.0064694876706550275,-2.1416845321655273,1.0,2.0001572629894495,2.373839543273141,3.1041493607583837,-0.0064694876706550275,0.3354199833172,-0.0064694876706550275
-0.1282489929981967,-0.8291977643966675,1.0,1.9937448133395397,2.4055214964851537,3.1243482601609074,-0.1282489929981967,0.6336390642402545,-0.1282489929981967
-0.15332733560687206,-1.5256502628326416,1.0,1.986078446559196,2.432475041014874,3.140293365443315,-0.15332733560687206,0.5390708905944042,-0.15332733560687206
-0.2088471194131003,-1.14715576171875,1.0,1.975636090588541,2.4309065373331666,3.132482171646808,-0.2088471194131003,-0.0313700736341449,-0.2088471194131003
-0.1067072527990609,-0.7851055860519409,1.0,1.970300727948588,2.416667788639129,3.1180712242026596,-0.1067072527990609,-0.28477497388075257,-0.1067072527990609
-0.30086929098593007,-1.1129162311553955,1.0,1.9552572633992915,2.407039715581984,3.1011080533358855,-0.30086929098593007,-0.1925614611428994,-0.30086929098593007
-0.4563664045856042,-0.7891173362731934,1.0,1.9324389431700113,2.4095117816639138,3.0886999360665057,-0.4563664045856042,0.049441321638594715,-0.4563664045856042
-0.21075867298661954,-1.0844274759292603,1.0,1.9219010095206803,2.3960626118112978,3.0716151337881814,-0.21075867298661954,-0.2689833970523203,-0.21075867298661954
0.0486251920244829,-2.0655999183654785,1.0,1.9243322691219045,2.3811782331733684,3.0615460898249602,0.0486251920244829,-0.29768757275858704,0.0486251920244829
0.3276997738228138,-0.7746464014053345,1.0,1.9407172578130452,2.396985094732466,3.084140239863128,0.3276997738228138,0.3161372311819477,0.3276997738228138
0.543845429777905,-1.996488094329834,1.0,1.9679095293019404,2.4393749140144307,3.134201315589076,0.543845429777905,0.8477963856392989,0.543845429777905
0.3971656218883979,-0.5982136726379395,1.0,1.9877678103963603,2.476669601719323,3.175706721995671,0.3971656218883979,0.7458937540978461,0.3971656218883979
-0.07492835764491002,-1.0260505676269531,1.0,1.9840213925141148,2.512446474093597,3.2013634862569096,-0.07492835764491002,0.7155374474854792,-0.07492835764491002
0.20270348571388208,-1.213638424873352,1.0,1.994156566799809,2.540957623813061,3.230034993452009,0.20270348571388208,0.5702229943892778,0.20270348571388208
0.3482020722541135,-1.6131784915924072,1.0,2.0115666704125146,2.5610432471548377,3.256584557985849,0.3482020722541135,0.4017124668355354,0.3482020722541135
0.2970651234141908,-1.5343642234802246,1.0,2.026419926583224,2.5761249073134684,3.2776206700798043,0.2970651234141908,0.30163320317261544,0.2970651234141908
0.06220351294442317,-1.0268120765686035,1.0,2.0295301022304453,2.585112363086976,3.2866089462612753,0.06220351294442317,0.1797491154701536,0.06220351294442317
-0.331097443602939,-1.9495439529418945,1.0,2.0129752300502983,2.5985894867073167,3.287055916351568,-0.331097443602939,0.26954247240681184,-0.331097443602939
-0.23755489418271658,-1.4741681814193726,1.0,2.0010974853411625,2.613747132996197,3.2918179204027314,-0.23755489418271658,0.30315292577761,-0.23755489418271658
0.10052565447596251,-0.8978152275085449,1.0,2.0061237680649606,2.6304010715293487,3.308102533159742,0.10052565447596251,0.33307877066302893,0.10052565447596251
-0.13850349761821423,-1.7766454219818115,1.0,1.99919859318405,2.654372385487575,3.3230238903486815,-0.13850349761821423,0.47942627916452984,-0.13850349761821423
-0.4063593307118518,-1.8342221975326538,1.0,1.9788806266484573,2.6599763092911353,3.315334447761595,-0.4063593307118518,0.11207847607120236,-0.4063593307118518
-0.48179701831717825,-2.4680962562561035,1.0,1.9547907757325984,2.6385304276862374,3.2837554407591583,-0.48179701831717825,-0.4289176320979582,-0.48179701831717825
-0.32750194195007687,-0.9595330357551575,1.0,1.9384156786350946,2.6182836199957245,3.2577391635789796,-0.32750194195007687,-0.40493615381025805,-0.32750194195007687
-0.5981632642810331,-1.4071502685546875,1.0,1.908507515421043,2.613251310178904,3.23596714238114,-0.5981632642810331,-0.10064619633641136,-0.5981632642810331
-0.20664560058851755,-1.4156436920166016,1.0,1.898175235391617,2.637427096751575,3.2494754830485277,-0.20664560058851755,0.4835157314534211,-0.20664560058851755
0.6804269358204307,-1.0299339294433594,1.0,1.9321965821826386,2.6639433961482686,3.2908931994338926,0.6804269358204307,0.5303259879338729,0.6804269358204307
0.8561117854418221,-1.432291030883789,1.0,1.9750021714547297,2.6844114918065767,3.332671396131654,0.8561117854418221,0.4093619131661619,0.8561117854418221
0.9126309247437137,-1.761833906173706,1.0,2.0206337176919154,2.692652292947951,3.3665021894826253,0.9126309247437137,0.16481602282748753,0.9126309247437137
0.7693980462444383,-1.2900919914245605,1.0,2.0591036200041373,2.684213975404117,3.3830330154565322,0.7693980462444383,-0.1687663508766768,0.7693980462444383
0.7389992422858072,-1.2781288623809814,1.0,2.0960535821184276,2.6649711580906694,3.3905031916467228,0.7389992422858072,-0.3848563462689558,0.7389992422858072
0.7105931187670933,-1.1561930179595947,1.0,2.1315832380567823,2.6416422762040725,3.394395530310702,0.7105931187670933,-0.4665776377319375,0.7105931187670933
0.690927405858055,-1.7098398208618164,1.0,2.166129608349685,2.604375973636673,3.3874609506568674,0.690927405858055,-0.7453260513479876,0.690927405858055
0.5413699827343343,-1.0553343296051025,1.0,2.1931981074864018,2.5774784008108167,3.3843038937613477,0.5413699827343343,-0.5379514565171295,0.5413699827343343
0.10380282332898894,-0.4740186929702759,1.0,2.198388248652851,2.580890185854611,3.3902662201154055,0.10380282332898894,0.06823570087588493,0.10380282332898894
-0.049304943888532904,-1.4431992769241333,1.0,2.1959230014584246,2.582433899106638,3.389844048269668,-0.049304943888532904,0.03087426504054136,-0.049304943888532904
-0.28241166749188196,-1.0741641521453857,1.0,2.1818024180838305,2.5837761202466605,3.381739320396138,-0.28241166749188196,0.026844422800449408,-0.28241166749188196
-0.4588705610408894,-1.398398756980896,1.0,2.158858890031786,2.59031403797268,3.3720021533782574,-0.4588705610408894,0.1307583545203883,-0.4588705610408894
-0.40700752025404796,-1.486274242401123,1.0,2.1385085140190836,2.5889253413618354,3.3579388153564684,-0.40700752025404796,-0.027773932216890174,-0.40700752025404796
-0.38221567237739507,-2.0868873596191406,1.0,2.119397730400214,2.5704625169418116,3.33153482506613,-0.38221567237739507,-0.36925648840047565,-0.38221567237739507
-0.35767544336088974,-0.8903170824050903,1.0,2.1015139582321694,2.558721726958546,3.3111052222263133,-0.35767544336088974,-0.23481579966531108,-0.35767544336088974
0.21572144852105346,-1.5458307266235352,1.0,2.112300030658222,2.524197590448367,3.2914107758139317,0.21572144852105346,-0.6904827302035788,0.21572144852105346
0.2941075336186927,-1.1885735988616943,1.0,2.1270054073391567,2.48256358817975,3.2691396379178923,0.2941075336186927,-0.8326800453723404,0.2941075336186927
0.5382325467186622,-1.282817006111145,1.0,2.1539170346750898,2.4338523012694186,3.2500762478221916,0.5382325467186622,-0.9742257382066288,0.5382325467186622
0.5965380701415324,-0.9947131872177124,1.0,2.1837439381821664,2.3951292725963667,3.241200675674889,0.5965380701415324,-0.7744605734610399,0.5965380701415324
0.5403942238048831,-1.974194049835205,1.0,2.2107636493724105,2.3852885889956696,3.2522419292204217,0.5403942238048831,-0.19681367201394018,0.5403942238048831
0.06423139549676549,-1.3683910369873047,1.0,2.213975219147249,2.391103223441916,3.2586900583136824,0.06423139549676549,0.11629268892492384,0.06423139549676549
0.2936359492262586,-0.7942707538604736,1.0,2.2286570166085617,2.3945078454780186,3.2711740888760965,0.2936359492262586,0.06809244072205622,0.2936359492262586
0.20077053571889714,-1.5834617614746094,1.0,2.2386955433945066,2.3944040710868193,3.2779457883942436,0.20077053571889714,-0.0020754878239870322,0.20077053571889714
0.07119308299516014,-1.3075988292694092,1.0,2.2422551975442646,2.3848000776260823,3.2733743722891884,0.07119308299516014,-0.19207986921474074,0.07119308299516014
0.15740627306779054,-1.7228186130523682,1.0,2.250125511197654,2.373204565705736,3.270346270172175,0.15740627306779054,-0.23191023840692715,0.15740627306779054
0.35189763533630014,-1.0879850387573242,1.0,2.267720392964469,2.3703697301230084,3.280428087635873,0.35189763533630014,-0.05669671165454915,0.35189763533630014
0.25976526944038625,-1.2696499824523926,1.0,2.2807086564364885,2.3607132431270044,3.2824684296759887,0.25976526944038625,-0.19312973992008153,0.25976526944038625
0.22493060040952528,-1.1695544719696045,1.0,2.2919551864569647,2.3580631836871335,3.2883917885476603,0.22493060040952528,-0.05300118879741689,0.22493060040952528
0.29617279708634037,-1.671226143836975,1.0,2.3067638263112817,2.3793012139583705,3.3139453250049313,0.29617279708634037,0.4247606054247388,0.29617279708634037
0.1680898789189733,-1.989758849143982,1.0,2.3151683202572304,2.412572105501646,3.343726740534778,0.1680898789189733,0.6654178308655112,0.1680898789189733
0.01547683755891427,-1.4122314453125,1.0,2.315942162135176,2.448845525714766,3.370524070106692,0.01547683755891427,0.7254684042623971,0.01547683755891427
-0.034480884563077296,-2.167989730834961,1.0,2.3142181179070223,2.471484017524197,3.3858291076376945,-0.034480884563077296,0.4527698361886223,-0.034480884563077296
-0.07998918278868672,-1.2121086120605469,1.0,2.310218658767588,2.4723935976314335,3.3837612730402267,-0.07998918278868672,0.018191602144730368,-0.07998918278868672
0.04161202075931847,-0.8158072233200073,1.0,2.312299259805554,2.472980718719835,3.3856109496008817,0.04161202075931847,0.011742421768028422,0.04161202075931847
0.12722399744061974,-1.6471877098083496,1.0,2.318660459677585,2.482045544619555,3.396577161325509,0.12722399744061974,0.1812965179944026,0.12722399744061974
0.11976082471772287,-1.4246481657028198,1.0,2.324648500913471,2.4968757690905394,3.41150688978796,0.11976082471772287,0.2966044894196873,0.11976082471772287
0.20802785586270467,-0.9391213655471802,1.0,2.335049893706606,2.520454794748728,3.4358623922490095,0.20802785586270467,0.47158051316377403,0.20802785586270467
0.05020412786247874,-2.173051357269287,1.0,2.33756010009973,2.5231326807249874,3.439532780207324,0.05020412786247874,0.05355771952518573,0.05020412786247874
0.018942873175271657,-1.673742413520813,1.0,2.3385072437584937,2.517245386108557,3.4358609493103422,0.018942873175271657,-0.11774589232860677,0.018942873175271657
-0.020429188233590523,-1.826472282409668,1.0,2.337485784346814,2.508131195238668,3.4284926548780574,-0.020429188233590523,-0.18228381739778143,-0.020429188233590523
-0.06623768471845537,-1.5435839891433716,1.0,2.3341739001108914,2.508432505116666,3.4264561034230048,-0.06623768471845537,0.006026197559956259,-0.06623768471845537
0.19978112339702037,-0.9553536772727966,1.0,2.3441629562807424,2.518342022149596,3.440515441924856,0.19978112339702037,0.19819034065860386,0.19978112339702037
0.21855474904033834,-1.3413403034210205,1.0,2.3550906937327594,2.523835078487397,3.451984310380065,0.21855474904033834,0.10986112675602122,0.21855474904033834
0.14905636522583698,-0.9992759227752686,1.0,2.362543511994051,2.527807658170916,3.4599744800753545,0.14905636522583698,0.07945159367038102,0.14905636522583698
-0.16828363758951248,-1.0700111389160156,1.0,2.3541293301145756,2.529660637020934,3.4555908093116083,-0.16828363758951248,0.03705957700035789,-0.16828363758951248
-0.18317163082578247,-0.8848146200180054,1.0,2.3449707485732865,2.5425639757154306,3.458832083560897,-0.18317163082578247,0.25806677388993116,-0.18317163082578247
0.047011611252267826,-1.3444938659667969,1.0,2.3473213291359,2.5543450626670294,3.469091541223402,0.047011611252267826,0.23562173903197703,0.047011611252267826
0.11525740692621689,-0.8657349348068237,1.0,2.3530841994822107,2.5598623637915487,3.4770534323489035,0.11525740692621689,0.11034602249038628,0.11525740692621689
-0.42183821905074304,-1.0525063276290894,1.0,2.3319922885296736,2.558995164214365,3.46217334693605,-0.42183821905074304,-0.017343991543672388,-0.42183821905074304
-0.6571729095387546,-1.603205919265747,1.0,2.299133643052736,2.5625811413473074,3.442795029420981,-0.6571729095387546,0.07171954265884573,-0.6571729095387546
-0.5726759823630889,-1.1464992761611938,1.0,2.2704998439345814,2.558269285239212,3.4205133060851125,-0.5726759823630889,-0.0862371221619096,-0.5726759823630889
-0.518494994982186,-2.149667739868164,1.0,2.244575094185472,2.548854459117113,3.3962886224817397,-0.518494994982186,-0.18829652244197526,-0.518494994982186
-0.6166962641912566,-2.149986505508423,1.0,2.2137402809759092,2.5432284658876463,3.3717439198901995,-0.6166962641912566,-0.11251986458933771,-0.6166962641912566
0.0054314125545307235,-2.1887874603271484,1.0,2.214011851603636,2.536856637652793,3.367118958255617,0.0054314125545307235,-0.12743656469706544,0.0054314125545307235
0.39766976768286,-1.3694937229156494,1.0,2.233895339987779,2.5127643378556495,3.3621827742730246,0.39766976768286,-0.48184599594287114,0.39766976768286
0.4797070217790633,-1.6566859483718872,1.0,2.257880691076732,2.484931280072462,3.357515254145498,0.4797070217790633,-0.5566611556637469,0.4797070217790633
0.4908351404675848,-1.7043707370758057,1.0,2.282422448100111,2.4543306854379257,3.351595343276617,0.4908351404675848,-0.6120118926907292,0.4908351404675848
-0.25210274573812086,-1.5452964305877686,1.0,2.269817310813205,2.428756666335138,3.324293845124805,-0.25210274573812086,-0.5114803820557512,-0.25210274573812086
-0.06589213474599731,-1.1134042739868164,1.0,2.2665227040759053,2.3972908956897663,3.299110305316965,-0.06589213474599731,-0.6293154129074363,-0.06589213474599731
-0.06797014190897954,-1.5712894201278687,1.0,2.2631241969804563,2.370741988560295,3.2775217325414117,-0.06797014190897954,-0.5309781425894222,-0.06797014190897954
-0.2869704899235881,-1.140573263168335,1.0,2.248775672484277,2.347001840074995,3.2504476095566477,-0.2869704899235881,-0.474802969706003,-0.2869704899235881
-0.7698413831129525,-0.9382186532020569,1.0,2.2102836033286293,2.33209750528771,3.2131032322837916,-0.7698413831129525,-0.2980866957457007,-0.7698413831129525
-0.5648855853232959,-1.3019012212753296,1.0,2.1820393240624645,2.322806462694088,3.186961793760383,-0.5648855853232959,-0.18582085187244246,-0.5648855853232959
-0.5337291081715279,-1.1419528722763062,1.0,2.155352868653888,2.3168205716216907,3.1643646359899806,-0.5337291081715279,-0.11971782144794219,-0.5337291081715279
-0.45587321821962234,-1.6446576118469238,1.0,2.132559207742907,2.307918895145445,3.142339638087905,-0.45587321821962234,-0.17803352952491913,-0.45587321821962234
-0.38107113021295547,-1.2157446146011353,1.0,2.113505651232259,2.303624039316967,3.1262741166298444,-0.38107113021295547,-0.08589711656955323,-0.38107113021295547
-0.46840033143866755,-1.1050834655761719,1.0,2.090085634660326,2.30779454004134,3.1135789052564697,-0.46840033143866755,0.08341001448745722,-0.46840033143866755
-0.5820298664950752,-1.3196179866790771,1.0,2.060984141335572,2.3059043142815856,3.09270922290783,-0.5820298664950752,-0.03780451519508787,-0.5820298664950752
-1.1353551524215355,-1.6975948810577393,1.0,2.0042163837144953,2.2835000679464614,3.0382981869890755,-1.1353551524215355,-0.44808492670248334,-1.1353551524215355
-1.2331311053626681,-1.041841745376587,1.0,1.9425598284463619,2.284962847554745,2.99909884828744,-1.2331311053626681,0.029255592165675637,-1.2331311053626681
-0.7668830280589978,-1.4038145542144775,1.0,1.904215677043412,2.285608838793253,2.974902537675435,-0.7668830280589978,0.01291982477015452,-0.7668830280589978
-0.40283139824557335,-1.2140812873840332,1.0,1.8840741071311333,2.2945225368587727,2.9689339691739183,-0.40283139824557335,0.17827396131039563,-0.40283139824557335
0.614882371320058,-1.6055864095687866,1.0,1.9148182256971362,2.2679683845317298,2.96819969521887,0.614882371320058,-0.5310830465408589,0.614882371320058
0.8425708717263181,-1.010876178741455,1.0,1.9569467692834521,2.2279026331298457,2.9653314824005497,0.8425708717263181,-0.8013150280376813,0.8425708717263181
1.0197481391882457,-2.0460705757141113,1.0,2.0079341762428644,2.1784897042454006,2.9627043469822167,1.0197481391882457,-0.988258577688903,1.0197481391882457
0.6531547909974567,-1.0225028991699219,1.0,2.0405919157927372,2.1037109386213126,2.93080451072289,0.6531547909974567,-1.4955753124817583,0.6531547909974567
0.5987180577292239,-1.6284157037734985,1.0,2.0705278186791984,2.037385422282123,2.9048278446152613,0.5987180577292239,-1.3265103267837919,0.5987180577292239
0.44733524425063287,-0.7692935466766357,1.0,2.09289458089173,1.9787828687043065,2.8802411996573505,0.44733524425063287,-1.1720510715563304,0.44733524425063287
0.23555248261306616,-1.2348499298095703,1.0,2.1046722050223834,1.9368512035161392,2.860251330767228,0.23555248261306616,-0.8386333037633475,0.23555248261306616
0.06394551400529025,-1.4533368349075317,1.0,2.107869480722648,1.9202110716145675,2.851372355079766,0.06394551400529025,-0.33280263803143306,0.06394551400529025
0.23064925205786402,-1.1507594585418701,1.0,2.119401943325541,1.9063436872268356,2.850615872263692,0.23064925205786402,-0.2773476877546388,0.23064925205786402
0.24825051210518367,-0.8022598624229431,1.0,2.1318144689308003,1.898226933877963,2.854452385737489,0.24825051210518367,-0.1623350669774526,0.24825051210518367
0.307967575067174,-1.9929300546646118,1.0,2.147212847684159,1.8974571764187578,2.8654610012357455,0.307967575067174,-0.015395149184103119,0.307967575067174
0.7568997755511919,-1.5864644050598145,1.0,2.1850578364617186,1.9113512181385628,2.903057220890166,0.7568997755511919,0.27788083439610034,0.7568997755511919
0.6432026004723035,-1.4033195972442627,1.0,2.2172179664853338,1.9339475133421264,2.9421435205080586,0.6432026004723035,0.4519259040712731,0.6432026004723035
0.6412380974030807,-0.9856799244880676,1.0,2.249279871355488,1.9517647785969339,2.978027147400859,0.6412380974030807,0.3563453050961485,0.6412380974030807
0.6661913213673731,-1.2268460988998413,1.0,2.2825894374238564,1.9655632797583868,3.0122505783173987,0.6661913213673731,0.2759700232290596,0.6661913213673731
0.8929148664768238,-1.7284033298492432,1.0,2.3272351807476976,1.978806548671621,3.0547829617790296,0.8929148664768238,0.2648653782646848,0.8929148664768238
1.0569516987486427,-0.8101604580879211,1.0,2.3800827656851298,1.9883164837696456,3.1013217200318746,1.0569516987486427,0.19019870196049116,1.0569516987486427
0.673019040451317,-1.5698509216308594,1.0,2.4137337177076956,1.9768434270648312,3.119939165292881,0.673019040451317,-0.22946113409628932,0.673019040451317
-0.17945370595883858,-1.8724900484085083,1.0,2.4047610324097537,1.9448245087164933,3.0927686613616565,-0.17945370595883858,-0.6403783669667584,-0.17945370595883858
-0.01120673590111032,-1.7751433849334717,1.0,2.404200695614698,1.9291196969602584,3.082480136188105,-0.01120673590111032,-0.31409623512469675,-0.01120673590111032
0.009355770509626993,-1.5085632801055908,1.0,2.4046684841401795,1.914617089297329,3.07379067557412,0.009355770509626993,-0.29005215325858646,0.009355770509626993
0.24630237030999425,-1.3124024868011475,1.0,2.4169836026556792,1.9140935789657834,3.083109463600744,0.24630237030999425,-0.010470206630914802,0.24630237030999425
0.09163738277609745,-0.9382229447364807,1.0,2.421565471794484,1.9158169926875053,3.087771701997646,0.09163738277609745,0.03446827443443823,0.09163738277609745
0.014975787059618995,-1.480520248413086,1.0,2.422314261147465,1.9138599223923451,3.087145312792714,0.014975787059618995,-0.039141405903202475,0.014975787059618995
-0.045615068585664886,-1.6855655908584595,1.0,2.420033507718182,1.9025673689022848,3.0783639764801256,-0.045615068585664886,-0.22585106980120617,-0.045615068585664886
-0.8972679732831512,-0.961879312992096,1.0,2.3751701090540243,1.8818572710370525,3.0303167879775748,-0.8972679732831512,-0.4142019573046474,-0.8972679732831512
-0.913907565623262,-1.6789400577545166,1.0,2.329474730772861,1.8644321336574594,2.9837157542775086,-0.913907565623262,-0.3485027475918612,-0.913907565623262
-0.9180008449805932,-0.9229103326797485,1.0,2.2835746885238315,1.8519043358422111,2.9401127575618413,-0.9180008449805932,-0.2505559563049653,-0.9180008449805932
-0.5488747489708423,-1.8043968677520752,1.0,2.2561309510752894,1.8538377954362588,2.9200755880949143,-0.5488747489708423,0.03866919188095341,-0.5488747489708423
-0.2426149313992454,-2.022007465362549,1.0,2.244000204505327,1.8537503382929745,2.9106575261513106,-0.2426149313992454,-0.0017491428656857266,-0.2426149313992454
0.19606623010301583,-1.2635254859924316,1.0,2.253803516010478,1.848622771785892,2.914967656964061,0.19606623010301583,-0.10255133014164919,0.19606623010301583
0.2257401558639227,-1.3210963010787964,1.0,2.265090523803674,1.8489292017304895,2.923897103873005,0.2257401558639227,0.006128598891947945,0.2257401558639227
0.023813840016675414,-1.9749253988265991,1.0,2.266281215804508,1.8658257938975336,2.9355300104549635,0.023813840016675414,0.3379318433408818,0.023813840016675414
-0.4752451793433199,-1.8713221549987793,1.0,2.242518956837342,1.8907740449523627,2.9332435563451527,-0.4752451793433199,0.49896502109658236,-0.4752451793433199
-0.6449849635011162,-1.5487830638885498,1.0,2.210269708662286,1.915549766058391,2.924828728537181,-0.6449849635011162,0.4955144221205643,-0.6449849635011162
-0.5136325189133917,-1.4745440483093262,1.0,2.1845880827166164,1.9352725458294533,2.9185107362812075,-0.5136325189133917,0.3944555954212481,-0.5136325189133917
-0.19859001729239267,-1.4403935670852661,1.0,2.174658581851997,1.9421568023905151,2.9156668178470406,-0.19859001729239267,0.13768513122123682,-0.19859001729239267
0.11786825992456507,-1.157687783241272,1.0,2.180551994848225,1.935975869865729,2.915957745053748,0.11786825992456507,-0.12361865049572263,0.11786825992456507
0.11057648761052974,-1.3679425716400146,1.0,2.1860808192287515,1.938789105730479,2.921960394101713,0.11057648761052974,0.05626471729499816,0.11057648761052974
0.1209186768602688,-2.394843101501465,1.0,2.192126753071765,1.9229843277780838,2.91603985336502,0.1209186768602688,-0.316095559047902,0.1209186768602688
-0.030909518635340305,-1.2771472930908203,1.0,2.190581277139998,1.8948989176351587,2.8964268055331903,-0.030909518635340305,-0.5617082028585019,-0.030909518635340305
0.08971900775786246,-1.1103837490081787,1.0,2.195067227527891,1.863765614969593,2.879573301881716,0.08971900775786246,-0.622666053311316,0.08971900775786246
0.17812524303834287,-1.2963402271270752,1.0,2.203973489679808,1.8309340723706315,2.865278122727198,0.17812524303834287,-0.6566308519792274,0.17812524303834287
0.16596195717063722,-1.3528395891189575,1.0,2.21227158753834,1.7884345457090676,2.8447572306464055,0.16596195717063722,-0.8499905332312796,0.16596195717063722
0.1686946757185126,-1.7652723789215088,1.0,2.2207063213242657,1.7527190065635279,2.829056464890475,0.1686946757185126,-0.7143107829107942,0.1686946757185126
-0.04920993082813574,-1.5948901176452637,1.0,2.218245824782859,1.750470602386608,2.825732094340566,-0.04920993082813574,-0.044968083538399206,-0.04920993082813574
-0.05598526616267918,-1.8078621625900269,1.0,2.215446561474725,1.7472131215379894,2.821516818809469,-0.05598526616267918,-0.06514961697237087,-0.05598526616267918
-0.16592684897547727,-1.420140027999878,1.0,2.207150219025951,1.7511452554382232,2.817449519510528,-0.16592684897547727,0.07864267800467672,-0.16592684897547727
0.054456674385816584,-2.1747467517852783,1.0,2.209873052745242,1.7895418411650357,2.84358908960664,0.054456674385816584,0.7679317145362496,0.054456674385816584
0.13220886102386586,-1.4996105432510376,1.0,2.216483495796435,1.8301065663454037,2.874385000538124,0.13220886102386586,0.8112945036073604,0.13220886102386586
0.20180559207183535,-1.6556135416030884,1.0,2.226573775400027,1.8506081379692265,2.8952342319088893,0.20180559207183535,0.41003143247645646,0.20180559207183535
0.2905281883425914,-1.4361588954925537,1.0,2.2411001848171566,1.8501229898705145,2.9061116833382203,0.2905281883425914,-0.009702961974240587,0.2905281883425914
0.16827887013638687,-1.8966457843780518,1.0,2.249514128323976,1.8592326753976895,2.918400238965798,0.16827887013638687,0.1821937105435012,0.16827887013638687
-0.10431695858747148,-1.1592296361923218,1.0,2.2442982803946023,1.8722589684629554,2.9227090885635776,-0.10431695858747148,0.2605258613053163,-0.10431695858747148
-0.14632030276771069,-1.4625957012176514,1.0,2.236982265256217,1.8784556826212118,2.921076069985641,-0.14632030276771069,0.123934283165128,-0.14632030276771069
0.059736670511023604,-1.2633886337280273,1.0,2.239969098781768,1.8506017098881404,2.9055443985831837,0.059736670511023604,-0.5570794546614266,0.059736670511023604
0.3288854343404246,-1.6594809293746948,1.0,2.256413370498789,1.8350664473691471,2.9084136852974902,0.3288854343404246,-0.31070525037986574,0.3288854343404246
0.1393610950991242,-1.8216156959533691,1.0,2.2633814252537454,1.8253569721923304,2.9077179285678363,0.1393610950991242,-0.19418950353633502,0.1393610950991242
-0.18075743068346917,-2.0146851539611816,1.0,2.254343553719572,1.7926290345469356,2.8802054985187544,-0.18075743068346917,-0.6545587529078967,-0.18075743068346917
-0.5174727719605166,-0.8042082786560059,1.0,2.228469915121546,1.738539263642039,2.8264106095588506,-0.5174727719605166,-1.0817954180979328,-0.5174727719605166
-0.31228965968685074,-1.508406162261963,1.0,2.2128554321372036,1.6945920791679978,2.7871798431959944,-0.31228965968685074,-0.8789436894808222,-0.31228965968685074
-0.3299585528932525,-1.1838520765304565,1.0,2.196357504492541,1.6589741358345584,2.752486416117021,-0.3299585528932525,-0.7123588666687874,-0.3299585528932525
-0.4804701406917644,-2.887547731399536,1.0,2.1723339974579527,1.618870343464231,2.709202130786783,-0.4804701406917644,-0.802075847406547,-0.4804701406917644
-0.5111558093573976,-1.164074182510376,1.0,2.146776206990083,1.5724689055739478,2.6610724420608425,-0.5111558093573976,-0.9280287578056656,-0.5111558093573976
-0.39699617097530115,-1.0982199907302856,1.0,2.126926398441318,1.5257746084775716,2.617595090968319,-0.39699617097530115,-0.9338859419275236,-0.39699617097530115
-0.42727483507051467,-0.9624220728874207,1.0,2.105562656687792,1.4826775504977987,2.5752139367416262,-0.42727483507051467,-0.8619411595954585,-0.42727483507051467
-0.45410569630745634,-1.7311975955963135,1.0,2.0828573718724193,1.4416672057528312,2.5331204400317127,-0.45410569630745634,-0.8202068948993491,-0.45410569630745634
-0.19113352274139572,-1.6054346561431885,1.0,2.0733006957353495,1.420516399012055,2.51325339247734,-0.19113352274139572,-0.4230161348155237,-0.19113352274139572
-0.03313228835251536,-2.611325263977051,1.0,2.0716440813177237,1.4178438534502493,2.510376543952203,-0.03313228835251536,-0.053450911236114784,-0.03313228835251536
0.011072838943224639,-2.7958950996398926,1.0,2.072197723264885,1.414768535695925,2.5090981275947266,0.011072838943224639,-0.06150635508648694,0.011072838943224639
0.1709659764041227,-2.6519761085510254,1.0,2.080746022085091,1.4032726027001907,2.5097167182596323,0.1709659764041227,-0.2299186599146852,0.1709659764041227
-0.076609292656169,-1.6098614931106567,1.0,2.0769155574522826,1.4045642263960594,2.5072652230785013,-0.076609292656169,0.0258324739173732,-0.076609292656169
-0.03691323309591432,-2.4666504859924316,1.0,2.075069895797487,1.395821029285355,2.5008461404573095,-0.03691323309591432,-0.1748639422140874,-0.03691323309591432
0.052820866644198716,-1.9274365901947021,1.0,2.077710939129697,1.37569636291402,2.4918714311765906,0.052820866644198716,-0.40249332742670063,0.052820866644198716
0.11604629173604941,-2.5476059913635254,1.0,2.0835132537164993,1.3529575565643794,2.4842547430319963,0.11604629173604941,-0.4547761269928108,0.11604629173604941
0.1887346514284971,-2.34451961517334,1.0,2.092949986287924,1.324783807348849,2.4769924871336073,0.1887346514284971,-0.5634749843106102,0.1887346514284971
0.03638462094384565,-2.538536310195923,1.0,2.0947692173351165,1.301916465808545,2.466382889544563,0.03638462094384565,-0.4573468308060802,0.03638462094384565
-0.01752424172167366,-2.473457098007202,1.0,2.0938930052490328,1.2829615973929913,2.4556828740323944,-0.01752424172167366,-0.3790973683110721,-0.01752424172167366
-0.06713626370243198,-3.0534775257110596,1.0,2.090536192063911,1.2726330349254142,2.4474346593755163,-0.06713626370243198,-0.20657124935154147,-0.06713626370243198
-0.11508148119271588,-2.092859983444214,1.0,2.0847821180042754,1.271207323786962,2.4417789702591843,-0.11508148119271588,-0.028514222769042696,-0.11508148119271588
-0.18468192352107948,-2.7448394298553467,1.0,2.0755480218282214,1.2774104560372597,2.4371452693896525,-0.18468192352107948,0.12406264500595121,-0.18468192352107948
-0.21891217422772336,-2.7481319904327393,1.0,2.0646024131168352,1.2826316229106476,2.4305816185304825,-0.21891217422772336,0.10442333746775834,-0.21891217422772336
-0.21577414070164558,-2.4570391178131104,1.0,2.053813706081753,1.2832781780515727,2.421766632347681,-0.21577414070164558,0.01293110281850307,-0.21577414070164558
-0.22768358677418554,-1.95229971408844,1.0,2.0424295267430437,1.2815815380249684,2.4112174539676543,-0.22768358677418554,-0.03393280053208603,-0.22768358677418554
-0.2786499492343175,-2.8310441970825195,1.0,2.028497029281328,1.2840267658498112,2.400734248770967,-0.2786499492343175,0.04890455649685599,-0.2786499492343175
-0.3194793035531607,-2.8158931732177734,1.0,2.0125230641036698,1.2811808954149748,2.3857228611734307,-0.3194793035531607,-0.056917408696728344,-0.3194793035531607
-0.3886148463280703,-2.439403772354126,1.0,1.9930923217872663,1.2757994483757082,2.3664490773399534,-0.3886148463280703,-0.10762894078533147,-0.3886148463280703
-0.4732727743831111,-2.2843399047851562,1.0,1.9694286830681107,1.2776336425097086,2.3475512906354186,-0.4732727743831111,0.03668388268000644,-0.4732727743831111
-0.5694793434955869,-2.4227986335754395,1.0,1.9409547158933314,1.2554661573541062,2.3116012808029955,-0.5694793434955869,-0.44334970311204813,-0.5694793434955869
-0.5774315371557215,-2.9031615257263184,1.0,1.9120831390355453,1.207788482271736,2.2615956642362685,-0.5774315371557215,-0.9535535016474039,-0.5774315371557215
-0.32687858273412473,-3.0405259132385254,1.0,1.895739209898839,1.1759577525563056,2.2308527041795365,-0.32687858273412473,-0.6366145943086066,-0.32687858273412473
-0.5650113363836251,-3.706742286682129,1.0,1.8674886430796578,1.149537329213258,2.192931805434508,-0.5650113363836251,-0.5284084668609523,-0.5650113363836251
-0.5678470162076277,-3.2611351013183594,1.0,1.8390962922692764,1.1031709672547998,2.1445888545901965,-0.5678470162076277,-0.9273272391691645,-0.5678470162076277
-0.4968658291450323,-3.4899802207946777,1.0,1.8142530008120248,1.0506346870771912,2.0965083345041164,-0.4968658291450323,-1.0507256035521717,-0.4968658291450323
-0.47239522655758925,-3.2150909900665283,1.0,1.7906332394841453,0.9989396023184274,2.0504262306714627,-0.47239522655758925,-1.0339016951752766,-0.47239522655758925
-0.4809082872170789,-2.8017334938049316,1.0,1.7665878251232914,0.9457453447751004,2.0038130653924817,-0.4809082872170789,-1.0638851508665392,-0.4809082872170789
-0.5105022169847695,-3.322089195251465,1.0,1.741062714274053,0.8933163995510447,1.9568631952035314,-0.5105022169847695,-1.0485789044811145,-0.5105022169847695
-1.0897181351871987,-2.939476490020752,1.0,1.686576807514693,0.8573570124888619,1.8919837141239562,-1.0897181351871987,-0.7191877412436565,-1.0897181351871987
-1.198375344122331,-2.8858819007873535,1.0,1.6266580403085764,0.8271232648421735,1.8248696598233296,-1.198375344122331,-0.604674952933768,-1.198375344122331
-1.198159896946489,-2.9311282634735107,1.0,1.566750045461252,0.7956541691075842,1.7572055263318276,-1.198159896946489,-0.6293819146917845,-1.198159896946489
-1.1909980267145537,-3.494980812072754,1.0,1.5072001441255243,0.7656199589235241,1.6905106317187302,-1.1909980267145537,-0.6006842036812032,-1.1909980267145537
-1.087710311898844,-2.757843255996704,1.0,1.452814628530582,0.7739404807758699,1.6461027345387764,-1.087710311898844,0.1664104370469155,-1.087710311898844
-1.0458020909766441,-2.459867477416992,1.0,1.4005245239817499,0.7908303528299542,1.608378559056125,-1.0458020909766441,0.3377974410816864,-1.0458020909766441
-1.00265589121312,-3.4170303344726562,1.0,1.3503917294210939,0.8085552441809032,1.5739502551800464,-1.00265589121312,0.35449782701898025,-1.00265589121312
