0,1,2,3,4,5,6,7,8,9,10,11,12,13,14,15,16,17,18,19,20,21,22,23,24,25,26,27,28,29,30,31,32,33
0.8217817554167308,0.9988808382725164,-0.016829816342436917,-0.03504018490854026,-0.026944640570074004,-0.059415435098396766,0.3727461659182962,0.21074189348513556,-0.4881366912138774,-0.13144906593959726,-0.42205882225890234,-0.0671830571529662,0.3963493464769335,-0.04991773932717257,0.31846099543518125,0.11868023076576797,-0.018100776132609395,0.7519271298881791,1.18990379057356,-5.888040678478652,8.597982340172324,5.650759899991044,-12.019596638079983,-6.322121055376596,-12.016166467637104,0.8572933417931949,6.062078266265982,199.0,-0.09792608759492454,-0.021187707205381552,2.0979260875949244,2.0211877072053817,2.0,2.0
0.8020962185570014,0.9993418269472846,-0.0243853480028656,-0.01541750569764159,-0.02199018495842459,-0.20478389821560988,0.6456998411824327,0.5919394870091322,-0.9528732154534126,-0.5066492815565766,-0.9542151690559608,0.10238198662839278,0.5435436960878522,-0.2977137284267969,-0.2516278131018702,-0.8673603515848404,-1.0384059173813702,0.9171168440710528,0.06128922463496761,0.01392222423889855,2.365242488089086,2.444843810104347,-6.6168016085723105,-8.712103302817878,-9.293624340125467,5.869296652469195,-0.12068852911958028,198.0,-0.10367393183516808,-0.013157860844079317,2.1036739318351683,2.013157860844079,2.0,2.0
0.7414659373995275,0.9979672093954172,-0.04527365824044458,0.0039359201993862105,-0.044679451353337285,-0.25193932546877845,0.6797862076600553,0.5550431334692938,-1.2380163380328248,-0.5384822750715853,-1.2377838218766597,0.5344150065724275,0.51018137904619,-0.30421962265592606,-0.054174413738380486,-1.5437191654048115,-0.9328866906294747,0.22305820061940068,-1.1935895659913398,-1.8971378138074897,-0.9694435077695497,-0.9729177536369644,-2.266245740060147,3.10260855441114,-1.3013973866333477,9.250935521408643,0.17408166303070127,197.0,-0.12392234455740923,-0.021308015050624615,2.123922344557409,2.0213080150506246,2.0,2.0
0.647902895700545,0.9981898064264222,-0.051670546851355394,-0.001714722902605146,-0.03072986592602011,-0.3960392413508323,0.6642491417599277,0.530420937109421,-1.2056666924374113,-0.4271658750104097,-1.1447970893192643,0.5591739276048255,0.5186142332154976,0.2094259122341096,0.2779193766709892,-1.9336571974658026,0.5309102077459623,-0.2820031382508144,1.1745423699444437,-3.8077584380263154,0.3340401513587233,-0.1763959609913323,2.4745862414004605,1.3732195360803077,4.8774388082356985,-1.9454735023424548,0.08943300595833564,196.0,-0.12802073417734844,-0.007711204026608017,2.1280207341773485,2.007711204026608,2.0,2.0
0.5774694844211625,0.9993288850795371,0.0033724463902579356,0.03584779026480623,0.006733645681559887,-0.5456058317030594,0.6034677328248886,0.5267970868956742,-1.240566632600791,-0.38481005538850266,-0.7680351726513582,0.42689043216648903,0.5211708628729664,0.7376380947965797,-0.19628723425175526,-1.4703750084257008,3.1144227382145977,2.2854317223631186,1.4341950969786577,-0.6311031879063533,-2.7417905328214847,-0.02078987941435055,-1.135271230312656,0.3401186673276697,10.154871465665623,-3.3220957778748104,0.020746245557777702,195.0,-0.0940003633448652,-0.010289003712447441,2.094000363344865,2.0102890037124475,2.0,2.0
0.5083043001873631,0.9959427007837957,0.04494077229408172,0.06867489444758075,0.03690830006521739,-0.5169743107776874,0.5707143902680004,0.4481184780645265,-1.1770071617715825,-0.31857439515774394,-0.467455474377366,0.2668575658400153,0.5212605049405943,-0.10133521411541091,0.4340908573329263,-0.7982837103213213,-1.762177877503203,-0.8292183577772463,1.629181117301408,1.3236772831641543,1.4049899831521269,-3.111214679293995,3.4036288093428446,2.2945198027144316,-0.3184477459396873,-3.017066428741053,-0.0022919349249734366,194.0,-0.068905219463054,-0.012791556843686356,2.068905219463054,2.0127915568436863,2.0,2.0
0.4978645013139158,0.9957387949270456,0.050161127463425145,0.039691309952255484,0.06642825816704304,-0.5394096746356078,0.736368997062057,0.4697016918125703,-1.1239698633639108,-0.3521123287329726,-0.5072938391778054,0.14787621627066438,0.5228271443914142,-0.07741091061245337,0.13721143418829929,0.6629090547366294,2.946933261411257,-1.0459276882036506,0.22452978933242515,-0.0403844137005408,5.144325445018154,3.9191312273723735,-1.0861428385178815,-3.569847812232892,-0.5146409249416577,-1.7297141629050015,0.020400596900135827,193.0,-0.07493226320952341,0.008013128128608951,2.0749322632095235,1.9919868718713911,2.0,2.0
0.5401185222845422,0.9929641628853383,0.09942700479836827,0.02727114078602222,0.058247118576577946,-0.5290688511035989,0.9544181340448228,0.4907405828097996,-1.2405724894210632,-0.3655142913813017,-0.6135367428353107,0.15695480287326857,0.5227331527579927,-0.39276327060472305,-0.005463091252921177,0.6325201385466789,1.374701189606868,-0.4170636554020479,-0.719294233788997,0.15583351533439666,3.5912887954654105,-2.9992064963847924,-1.3772281939860083,2.9831505987808384,-3.694300732409501,2.0516928013066416,-0.0015165720276946204,192.0,-0.08793151228431745,0.010415229816745116,2.0879315122843174,1.989584770183255,2.0,2.0
0.5615323393827982,0.990061786291127,0.1364843380714579,0.027755609627287108,0.01947590617754336,-0.5253184590485879,1.0895449549429002,0.3445341154044777,-1.2335446347133978,-0.09174835634497021,-0.665552121420557,0.25427135977166526,0.522901824427376,-0.45669885261512155,0.6492322331472717,0.6168880245213071,1.1746873418254165,0.7418493352145006,-3.310072951068584,0.02578343910882886,1.8226424918962927,-2.824840654011457,0.350489110541485,7.779233603689231,1.593182865498778,1.9171412614875172,-0.0006050185655450653,191.0,-0.1094637326740042,0.018791597250340047,2.109463732674004,1.98120840274966,2.0,2.0
0.5981102728832326,0.9862154418694964,0.13690771247506578,0.039277796796307635,-0.08421778411847872,-0.5247562872595315,1.2338688008278795,0.11566045897354628,-1.2240320902667463,0.4133468740367171,-0.47540282716130894,0.4602149667658963,0.5228413309333825,-0.7895167977309068,0.828683254703017,0.5604175357936092,-0.3849251762353197,0.11268654676312906,-4.787203639741556,0.003408330098039213,3.150387481453652,-6.317336836718624,0.07306966461854121,12.500728426030042,1.2951882493493612,6.19683386249257,0.0008881847412097706,190.0,-0.1385938251165479,0.062096090824653304,2.1385938251165477,1.9379039091753467,2.0,2.0
0.6198383898496732,0.9813278594837285,0.1249826806024761,0.04860436796036499,-0.1378861021483915,-0.5252652827185741,1.1791884735996367,-0.19008993351667197,-1.222141612396515,0.5659069179026303,-0.5030739220195373,0.5643520951058615,0.5679683177853533,-0.5391152812414303,0.6853199373189184,0.27884858012385627,-0.21936656311238356,-0.1383304696189347,-0.5226485851003942,-0.0075921398217616756,-4.307169712403777,-5.897070585481697,0.01312512436390912,-2.8892635189487668,-0.6320735428951045,-1.003319313596543,1.7879627583656779,189.0,-0.16990417004733827,0.09847128903756017,2.1699041700473383,1.90152871096244,2.0,2.0
0.6166728292692595,0.9792786986630003,0.12287043576138874,0.06048769709537303,-0.14918888987054454,-0.5251694848366742,0.7955114066694939,-0.3412140908643694,-1.222968578596477,0.31493863711591014,-0.5182056080546272,0.532704407554542,0.5107589797703247,-0.34226843236113125,0.6178091387869632,-0.41756501618868636,-0.16613566143678932,0.7915676539757004,-0.4701192010816567,0.002796708413925539,-10.984180873944112,-0.19505175687962173,-0.007246701395108362,-7.118662252347051,-0.10274597202599411,-0.2726236292780726,-2.52677175710746,188.0,-0.19214638760630287,0.1319365844215599,2.1921463876063028,1.8680634155784401,2.0,2.0
0.5844188076738657,0.9794494515322795,0.114996029795216,0.06324090367716345,-0.15315114471185223,-0.5253645036988337,0.43723910595696014,-0.2676557150844431,-1.2231139799712836,-0.17623258205631803,-0.5205035176693288,0.5253361302462899,0.5085537661717084,-0.26567045059920663,0.30842970180681395,-0.7428088994855195,-0.23815273276223792,-1.052085991419632,0.0029241692847135625,-0.003310649610326115,1.164533763987842,3.11124039590252,-0.000788254842189019,-12.479005133071057,-0.014242074883372594,-0.05628940473765606,0.42624209396279683,187.0,-0.20457214605613067,0.1549892205007095,2.2045721460561305,1.8450107794992905,2.0,2.0
0.5449482952878131,0.9810286368974922,0.11231061172114443,0.02589375508461449,-0.15588025381519252,-0.5255617610755519,0.5014915313138494,0.004818245043107322,-1.2235107111148555,-0.6095827493496214,-0.5223401694113549,0.4131490357966738,0.5193296997767816,-0.1075806798538583,1.3177297514184352,-0.7735564935892059,0.7945938733764637,-2.0231286404517324,-0.5398956834547501,-0.0024992908876444804,0.7118122369559527,7.7714270616495895,-0.005503883734626876,0.3274730280560041,-0.023911113591465465,-4.369903825035989,0.07701934431830781,186.0,-0.21664079636771058,0.1880619788449885,2.2166407963677104,1.8119380211550116,2.0,2.0
0.5007952073025285,0.9726024229718809,0.1337525333094541,-0.029660730429694356,-0.1878164735397485,-0.5245856466122176,0.5181392519417917,0.5506771550125009,-1.190315787557832,-0.5484918996452187,-0.5214527232526913,0.2961537412288371,0.5209195128341763,0.10448105482459999,1.0894820284815778,-0.5554255228115114,3.2630414566961927,-1.5592805170891555,-1.8339122559885377,0.01486622752327326,0.1104040143715542,11.332788015473916,1.2665577902401735,0.8180838632751708,0.01666834505778162,-0.3786764648222545,0.007046609042658307,185.0,-0.21797523253894063,0.25861926183063755,2.2179752325389406,1.7413807381693625,2.0,2.0
0.5283290925538352,0.9681419370900519,0.16287171136634265,-0.051447409565731496,-0.18310423078972404,-0.4687663604573716,0.5208590680055709,0.5572935491925007,-1.089935442953926,-0.5284670989104778,-0.5210738071488761,0.20574602003585937,0.5218397341924195,0.26356711269852756,0.3797699265016105,0.8786794232684686,0.2874741231670379,-0.23126758105575307,1.288316053251059,2.204568086866118,0.01913566171857216,-3.7773793429301357,2.8443939794810125,0.14061808274422505,0.0019210373115221813,-3.1821753439176166,0.012928457945076058,184.0,-0.20971186817392956,0.27651715979953484,2.2097118681739296,1.7234828402004652,2.0,2.0
0.569818718729359,0.9669448621093223,0.17939785090322397,-0.047075123983013535,-0.17497993437440876,-0.505501689240679,0.5248853064948054,0.36193902959311747,-0.9887015170834852,-0.35247634763839136,-0.5219021269136199,0.15415309507670197,0.524070371676089,0.17411785619821699,1.0291763647309855,0.8020412838028314,0.9882806175422351,0.959942596913585,-0.8802246461908628,-3.6254216336057383,0.1313493244549954,-4.03314796467982,1.2183738426499153,6.837262382801601,-0.012355745368675695,1.086264918589019,0.0700076842430707,183.0,-0.19833137325248842,0.311635463838339,2.1983313732524885,1.688364536161661,2.0,2.0
0.6046542541357179,0.9628839132173643,0.17236585024889142,-0.024897574290177762,-0.2062151646452247,-0.5393773079817771,0.5205330002125111,0.04754228476772179,-0.7793281843116969,-0.0354957099505955,-0.5211875632049242,0.22049578369898362,0.5543268474438042,0.06041238217334645,0.9354178121184012,0.4379760552506925,-1.1303134907124264,0.43090259281081156,-1.230798542584392,0.3883193784020743,0.021535535822206124,-8.511382329011447,7.106198661369163,5.916809017069055,0.012270286000109204,1.5060172000638197,1.1785078251704955,182.0,-0.18953175859289828,0.3601997700440354,2.1895317585928984,1.6398002299559646,2.0,2.0
0.6155289070113847,0.9599738892936058,0.1549756223026746,-0.00017543345947019782,-0.23330807441987095,-0.527493130533366,0.5208837451973566,-0.3009424446344652,-0.4496432980947024,0.243281622860074,-0.5219847358726833,0.2976011870612734,0.5629203468431551,0.03783933591374254,1.0592556273384461,0.1425409628229972,0.10265275703302068,1.2824620006186318,-1.3333968346149923,0.10029786521628412,0.0011448406285783554,-5.461193153161468,-0.17033162599237794,5.248072502892682,-0.01358219044376006,1.5775821245744444,-0.8291781104007403,181.0,-0.1876987608235831,0.410924068049711,2.187698760823583,1.589075931950289,2.0,2.0
0.6168572825736972,0.9511640422809112,0.14405589558091056,0.01870050948683133,-0.2723695184214855,-0.5257761375799536,0.5210344073928835,-0.5138022812134431,-0.5020633094236372,0.45309926004699896,-0.5213136797578187,0.43461811293045627,0.5807131986385783,0.07973977882847341,0.9325873821751944,-0.16583154668356925,-1.0850742126149657,-0.3761263293424665,-2.0303890854718065,0.00633459625802837,0.001809047174036399,-3.074032838374971,-0.7220864196529795,3.16058091215649,0.012113642552233458,3.8901609856920762,1.5424340064433644,180.0,-0.18530200159107185,0.4604264591593325,2.185302001591072,1.5395735408406674,2.0,2.0
0.5960767437548431,0.9391203847246877,0.12734762276859243,0.02707182714669118,-0.3179663537934207,-0.5255607928695357,0.5208881658322416,-0.5358803649430516,-0.6374412567403893,0.49502442862062684,-0.5207849819589342,0.5474681438573171,0.515152440495928,0.47521960117191686,0.8531197676933008,-0.6556378741010719,-0.24537628732772637,0.10027578942528129,-1.4113492375387373,0.0017784554820850528,-0.0023970450713868786,0.33472846482582985,-4.659529486710598,-1.4573163684362407,0.005361911450017996,-0.19325147179855162,-3.2217533255428195,179.0,-0.1698219097913299,0.5046822100591475,2.16982190979133,1.4953177899408525,2.0,2.0
0.5502501318248889,0.9339594168397048,0.1101563977552436,0.025567372319481314,-0.3390157595196781,-0.5259976034176516,0.5208746690995268,-0.5261385740772829,-0.8643054863961389,0.27608331983476264,-0.5225643583486098,0.5309235046244544,0.5071909792591394,0.5289407069616388,0.57521477572425,-1.1986093439208447,-0.8195983971306904,-0.5407676295345567,-0.37933057676268345,-0.006569223533474989,0.00015529869916068386,0.07921051855718086,-4.41968228829644,-7.2489870044864375,-0.02645358505671209,-0.202505484614494,0.4694171314087618,178.0,-0.14360157982596158,0.5404051630730027,2.143601579825962,1.4595948369269973,2.0,2.0
0.48534535827105657,0.9401615305542919,0.06456442542866665,0.004520877061130796,-0.33452547452395287,-0.5259812048062403,0.5211995822397422,-0.3587719749667885,-1.0607395223700773,-0.24551584161447113,-0.5222757046661982,0.4433886310920295,0.5187318351022209,0.603600815467471,0.5032293073012586,-1.4882911256762632,-1.8727129198565986,-1.4849622115308234,0.782334254191579,0.0015748399665449222,0.004432307695386113,6.570230742576186,-3.446043327191699,-13.557841139729057,0.008928518310746796,-3.309346260824544,0.08071758190027792,177.0,-0.11491920133079525,0.5700497979892937,2.114919201330795,1.4299502020107062,2.0,2.0
0.47593889154893687,0.9271971869816147,0.12841577991524675,-0.07523530817838019,-0.343735963095868,-0.5262158470213133,0.521106035412954,0.07567123368861864,-1.2497789311393128,-0.6242304734512524,-0.5212679557448925,0.21099370768476378,0.5203666853199647,1.6300202277420595,1.0822391518739376,2.3527251319051925,3.0809744663217655,-1.5406878544277633,0.053991918150157484,-0.0038682671940218445,-0.0035386893423270892,10.812125870795796,-1.1119923802466176,1.6193827165010966,0.022311278303182788,-5.6939418903991905,0.006545146085881323,176.0,-0.06275121020642613,0.6024883508592379,2.062751210206426,1.3975116491407622,2.0,2.0
0.595516256133586,0.9179787050287124,0.12815637374007632,-0.10132350617767474,-0.36142023750679036,-0.357077178834033,0.5214990355064552,0.4274190407227914,-1.2349295639728821,-0.5475770664804432,-0.5215834702489334,0.11064400319654429,0.6680214441861321,1.0343442054770076,0.6290093172850485,2.1192591920227923,-0.8965604060554418,-1.1480741851910663,-1.2597468809206913,6.707629933464014,0.006378461638702241,3.3285608484367666,0.41453349164708253,0.8074490982695656,-0.009641509983158637,1.5761968517234457,5.915255156712191,175.0,0.003940446187489484,0.6457469683179264,1.9960595538125105,1.3542530316820736,2.0,2.0
0.6882128620608197,0.903863896350516,0.10617846533614626,-0.113106825521364,-0.3987016884757375,-0.149727753319297,0.5212539308331823,0.55048956431006,-1.2060814664577666,-0.43556863340737595,-0.522686389368032,0.34573833539564125,0.9008213631498524,0.8615398190671302,0.8429799416456273,1.5657333335527728,-0.716806300968316,-0.8485448789763128,-1.3650902222113734,1.6230813775682567,-0.004652618404874535,-0.1254494308915769,0.736803383553142,3.639790359519883,-0.014065883095836033,7.779506462020498,3.416495270636364,174.0,0.052473346686755594,0.6833903952077519,1.9475266533132445,1.316609604792248,2.0,2.0
0.7544291763001093,0.8958983734077409,0.08962494618960526,-0.12369816337439582,-0.41717171275588133,-0.04478243606773623,0.5212937040584611,0.44828382780671494,-1.236136501163482,-0.2911494416257555,-0.5230459871259499,0.5759379265970942,1.0266382503280314,1.001757263007008,0.8222385311040907,1.0930973857102408,-0.191053935786865,-0.790678854325977,0.20410910853792308,2.559335599615634,0.0013833552836653505,-3.932239749874801,0.05707648371957269,2.1450057019887416,-0.0010579636712895778,-0.726378920187049,1.63748699689083,173.0,0.09711837127686068,0.724312680386344,1.9028816287231394,1.275687319613656,2.0,2.0
0.7962814337787278,0.8970156679973806,0.08570783500463022,-0.13936382782475049,-0.4106029491857865,0.007038503144389323,0.521536409588648,0.3794252998020699,-1.225994500503363,-0.22551072976636624,-0.5230512639832138,0.5374010631443316,0.9918037449235452,1.1062034335443174,0.9701811625392567,0.5775668211042642,0.4655241938506934,-0.38085005517139625,0.40562506904309964,-0.45980130562004595,0.0032380516636095623,1.1359626260630185,0.1352806964359814,0.4949894063665883,9.912432760136991e-05,-0.42168264010455336,-2.9928739870095384,172.0,0.15016596430236118,0.7693844874095128,1.8498340356976388,1.2306155125904872,2.0,2.0
0.8139418444476659,0.8976283516210889,0.08575650394179832,-0.15486810678276144,-0.4036397328053947,-0.024590916570034857,0.521123027814051,0.36953601315955525,-1.2237288676769988,-0.12523628935963455,-0.5221305584452864,0.5266419891057101,0.9535079284027369,1.0513991250774664,1.0460852819200253,0.12616223112771677,0.11233741375126947,-0.6856260383395355,0.22745105400622548,-0.8028393624870069,-0.006521201866418431,-1.5099052249859273,0.008018930471282625,3.4913283261948433,0.009794119728751324,-0.07808901631636367,1.4246517066793123,171.0,0.20422752298235017,0.8197168629214389,1.7957724770176497,1.1802831370785611,2.0,2.0
0.8053217933578782,0.8980148796979467,0.0891136983555616,-0.16694481567420782,-0.3971869246664365,-0.10816946967019483,0.5210086806526,0.28688974718384636,-1.2098621817986912,0.07321366647822775,-0.5213381501583741,0.525811832279677,0.8623911182742425,1.011838014714151,1.20457323270156,-0.46981949560438013,0.5944394368200547,-0.007368479357414609,0.2973184020122084,-2.5262611003189464,-0.00048105370744613184,-1.7940329244699051,0.5421380711533971,4.438656359011579,0.009629514094442114,0.0022246733447859376,-5.016239454140144,170.0,0.25576769972615065,0.8761330832765419,1.7442323002738493,1.123866916723458,2.0,2.0
0.7728378952175795,0.9011260156365987,0.09897907491611822,-0.17647624239361664,-0.38344645329209615,-0.3337600020982402,0.5214262461912365,0.24272767830703001,-1.1849351250506721,0.3600472840451468,-0.5484059904810967,0.4670365680400251,0.7126382479826053,1.0960063658140669,1.4630825371999119,-0.82931329087553,0.5573079094091232,-0.25719144971893293,0.7346807208505798,-6.464775848426793,0.006050240798218439,0.01189829489239691,0.45628030102216544,7.01329939934302,-1.081743104541356,-2.333075696365952,-1.0064990565288108,169.0,0.3086682289327834,0.943186091667956,1.6913317710672167,1.056813908332044,2.0,2.0
0.7325154255086382,0.9056439643198099,0.08488930492068657,-0.15285164656812078,-0.3863148844435018,-0.5354229752614481,0.5215443616877136,0.28169669263240016,-1.2440894998594874,0.5567746236120192,-0.6241281293929557,0.353328139844285,0.7086371132983067,1.193003852995927,1.1451232206754733,-1.0191197653108632,-1.5185136581544085,0.5560135844581808,-0.07616548372707477,-0.9784772538301516,0.0009398958649891778,1.5257875353541555,-0.08590933305763393,-0.3502176046631248,-1.9848586860803725,-2.24014198545319,0.840915439545025,168.0,0.3649701589921244,1.0141315965621747,1.6350298410078756,0.9858684034378253,2.0,2.0
0.6714360990613578,0.9118435561158781,0.05380895090448975,-0.12845268035376312,-0.3861940378649594,-0.5330126347847973,0.5214867350011968,0.5056790864150288,-1.2300370804198733,0.45566948047052747,-0.6128905694929011,0.21712679706567323,0.6444008693842286,1.562075446126491,1.0254946155121443,-1.4733469216926098,-1.097787668253572,0.3992692857482217,0.377172334565531,0.21197581719183678,-0.000992784781965593,7.388530829024485,0.21735531235702912,-3.704530958155817,2.39479246388083,-3.1971451487572295,-3.382432619794189,167.0,0.43523379156795305,1.0664478759979452,1.5647662084320468,0.9335521240020548,2.0,2.0
0.6321571450924104,0.9272823160848244,0.06769517497702221,-0.08140880993953402,-0.35907864768797293,-0.5274495034391006,0.5211497732555417,0.5559122973196591,-1.2244855653301632,0.34621185242255625,-0.49826975054457956,-0.031086012034059078,0.4693377187947104,1.3989574433305656,-0.07662455372875142,-0.711202906256436,-0.46722085685603487,2.384415527465113,1.3460010339169095,0.041549234592741964,-0.004692956581385837,-0.865447351575906,0.04391591492970923,-0.6774544566981292,0.476309569582855,-6.68936060675521,0.3909837441298014,166.0,0.5064175947796632,1.0749016272932554,1.4935824052203368,0.9250983727067446,2.0,2.0
0.5838296278984296,0.940665921886278,0.07688316340898417,-0.017518237230566062,-0.33004501806632397,-0.5265112072383481,0.5225422407778518,0.47141379090409014,-1.2225465308181565,0.47024403243408386,-0.5137947856509353,-0.40687326123335166,0.5079650191075664,1.3118841386977396,-0.004964817522926402,-1.2392238214072262,-0.4165199073736506,2.946039395697844,0.803193988136546,0.005947871496363579,0.020825519215588867,-2.5011190814664777,0.019745310736460353,5.588060196188314,-0.30912134080726517,-8.32839358420508,0.48380591765217684,165.0,0.5746679964665963,1.073435612258354,1.4253320035334038,0.9265643877416461,2.0,2.0
0.5133301856056309,0.9435323825534386,0.0762410715390514,0.06009699626743845,-0.3167369462554697,-0.5261167578327816,0.5232839360484738,0.38895298054580907,-1.2229106099953155,0.5576204674749915,-0.5216851249746217,-0.5551433293605794,0.5192633664618989,1.2267427347488953,0.42320359381630934,-1.3715657842395457,-2.713589203516557,2.520673318030271,-0.592295654937272,0.0046403105628481075,0.005967795385372478,-0.8040452839410317,-0.007234041934295523,-0.8053372336329677,-0.05754434584197518,0.8900133583499734,0.074341845605994,164.0,0.6364552890361183,1.0762939262529092,1.3635447109638816,0.9237060737470908,2.0,2.0
0.4796726086112877,0.9438318106303241,0.03956629394630559,0.051240430947146226,-0.3240222829713871,-0.524897736873285,0.6033218331143162,0.4277855559529886,-1.0875479323004258,0.5318604689360101,-0.5222468262123113,-0.5307589303153831,0.5206773304970991,0.5113339863790655,0.17830910957892526,0.22088293632077283,1.1478755864783179,-1.6291727328336478,-0.6004885934037345,0.01705265501067865,3.17343011209968,2.3399202929895204,5.2622340796023765,-0.22405196461419463,0.0021185146079856273,0.18945155296829613,0.0065138761203547245,163.0,0.6662972307158876,1.107410808123492,1.3337027692841124,0.8925891918765081,2.0,2.0
0.4895759684030397,0.9377551944424549,0.05965541095602475,-0.01404335963334088,-0.341846765803145,-0.5245478862120082,0.8527759646376302,0.40398096190819793,-0.9714357017158259,0.5257163211912671,-0.5231147661272746,-0.4318091531575378,0.5208489859098211,0.1508960389182806,0.1714106393240983,0.09615809950274162,1.1977288524502112,-2.5394731882443566,-0.9960376979452212,0.002189037876424162,6.802534433635512,-3.2470761450841437,-0.5660430657891047,-0.04717482387526905,-0.012552554558834448,3.694881111379833,0.000511692419281661,162.0,0.6851381290276685,1.1128736889239756,1.3148618709723316,0.8871263110760244,2.0,2.0
0.5265407987591609,0.9366106625886309,0.07707865771238613,-0.030180759247946862,-0.34045332869831085,-0.5250469802198084,1.0502577184185857,0.25021301729852113,-1.1430410464172849,0.41973031537947564,-0.5224504271447992,-0.10173049101349331,0.5214082411680239,-0.40594402528569884,-0.3614378221943079,0.9537850133439127,0.7906473851049043,0.16358658356166156,0.6777130691926452,-0.0073073826479022,1.2140936373762934,-3.02254350691784,-6.325819918298621,-4.137834022654062,0.005816441805857433,9.540863152756595,0.008394038834118505,161.0,0.670959891459555,1.1070907209491312,1.329040108540445,0.8929092790508688,2.0,2.0
0.5570592654442832,0.9360597713642107,0.08889072569874795,-0.033573947365470806,-0.3387673735421287,-0.5258771640624919,1.0266113796288736,0.13748737452422524,-1.2553915080964755,0.307194394035644,-0.5213066404757625,0.4419200570662599,0.5209754160889272,-0.4071856220220242,-0.5362435051387842,0.29241174009800375,0.24765639993729932,-0.009870551917662021,-0.5083770467601543,-0.010675763355966124,-2.132662506992143,-1.4969621025821458,0.7859648696895966,-0.396141210500073,0.015366260296004217,12.180975650129389,-0.007867476894842462,160.0,0.6503166319180945,1.0846242571464157,1.3496833680819056,0.9153757428535843,2.0,2.0
0.5652489371351098,0.9418739282935651,0.09411984792553725,-0.028555736637189095,-0.3212468324083983,-0.5244841789126343,0.8935647943238915,-0.06955317698171205,-1.2297726035932592,0.41428983836004063,-0.5759722371012549,0.5825653501013017,0.5218131954309606,-0.21040227225461977,0.13542252127944016,0.17736970620776096,-0.7315446164224582,1.4586064736725408,0.6106699943793565,0.02281081455809822,-3.1925468282505696,-6.726750454318014,0.22545747667167876,4.597252205568973,-2.1602184078868296,-2.6123925479162122,0.013326818646226363,159.0,0.6381341936536565,1.0727638133420525,1.3618658063463434,0.9272361866579475,2.0,2.0
0.5598363546202919,0.9470556693345847,0.09198470360288337,0.014393686700371345,-0.307273811554911,-0.5254777873058498,0.581675267826155,-0.3529652110936399,-1.223473752960264,0.5474709640041158,-0.5161263068180724,0.5308563450012511,0.574355371440173,-0.10795300612636964,-0.0035826302052782352,-0.42998533413229734,-0.5346810351248128,1.7083435432674379,0.6422119538904065,-0.01781313002904724,-9.2317767351197,-4.632203192102474,0.049609582424806266,-0.1304816451402656,3.5070992813452326,-0.2561414338225445,2.0738043951235627,158.0,0.6288987061938066,1.0772869797626232,1.3711012938061935,0.9227130202373768,2.0,2.0
0.5419860213256261,0.9597704102509617,0.0810457310334341,0.009033543609884986,-0.26868335299717616,-0.525570238541752,0.4678094538169484,-0.42138016730796485,-1.2236247062412002,0.5087671423907494,-0.5061975511381089,0.35802071828193005,0.5699648240702906,0.31056935125686447,0.3594306527234787,-0.4513565156606116,-0.09071336016554318,-1.4007190096171118,2.3029441405614404,0.0023633471703477997,1.4935177166531106,1.8451559574326684,-0.011244971653516586,-1.3276457189935784,-0.4930437081654879,-6.650611337217549,-2.211280806139889,157.0,0.6337795102507349,1.0878523931603192,1.3662204897492651,0.9121476068396808,2.0,2.0
0.5120829624625493,0.9702469511371935,0.07029007428130193,-0.0198610424914473,-0.23083695167295587,-0.5258350945542495,0.525810892191018,-0.3776259217367571,-1.2242041837143869,0.5300419976440487,-0.5506664038626912,0.16156467775523728,0.491599137137634,0.1854939047548141,0.07532028075641262,-0.17537973281949082,-0.22534100539385582,0.18527457526809554,0.4552102343523097,-0.003538611335841861,0.8236373453262027,-0.14668700413832142,-0.005154799661891781,1.0083249903784588,-1.1681837702963382,-1.2354722445533735,0.6092973357794484,156.0,0.6432741883134667,1.1044176080118837,1.3567258116865333,0.8955823919881163,2.0,2.0
0.5213696620478644,0.969914952973023,0.08031739579401072,-0.019533446219598252,-0.22898153727100615,-0.5246048026024481,0.5150249303991006,-0.23536886618664934,-1.2236722489978105,0.43201445686620793,-0.5050776503600964,0.1572929158987464,0.5156399776296291,1.2948382468759312,-0.5282867962156125,0.28331642317029987,0.6303773703440386,-0.005440238345393651,-0.108773260212247,0.01821726099946263,-0.02690963891278575,5.850899254955452,0.008024920151222067,-4.944422436671211,0.02954500584457531,1.0482759827458659,0.23472366041949327,155.0,0.686086146450232,1.0898769542201507,1.313913853549768,0.9101230457798493,2.0,2.0
0.5250506940228311,0.9724128070989521,0.08607797306635342,-0.014549479142555562,-0.2163151122769854,-0.5239051517760033,0.5196459416048943,-0.11897772295026975,-1.224273548200556,0.18612160087092033,-0.5559129992442847,0.17886558137479278,0.5217965585868635,1.1102511316517112,-0.6433228343245866,-0.09731872830140803,-0.708078528137863,0.7095940363545815,1.2647367221708605,0.00588214646438983,0.0712022466745462,-1.1427257848483405,-0.010100073397247243,-4.872019925017766,-2.017880222602223,-0.17942651161061013,0.04589727191141793,154.0,0.7451617655939436,1.0614466348174585,1.2548382344060562,0.9385533651825415,2.0,2.0
0.5079069644952121,0.9774514517345022,0.08801317237572066,-0.007316518120866347,-0.19180409159625111,-0.5254516051138831,0.5221828976893547,-0.03109747272925969,-1.2245342521070495,0.09281384417969467,-0.49896626777133957,0.0009094565496637133,0.5223386772205071,1.5708386080794379,-0.18341286248858707,-0.3892388070350624,0.6564153617949516,-0.1554812567875959,0.8092415846557678,-0.015152887321321015,0.02383918546705169,4.581150974812104,-0.0014762457736477125,1.085098968392162,1.3330135708536575,-6.833606639773937,-0.0015339252398727959,153.0,0.8102270917468064,1.0400487838024917,1.1897729082531936,0.9599512161975083,2.0,2.0
0.5513927062048621,0.9869400611052637,0.07728448911802697,-0.02561614949804322,-0.13899725325414974,-0.5256824397633905,0.5649037830842185,0.05151263340371026,-1.2230978634551652,0.23360875670758305,-0.5142410998245216,-0.43812108251971593,0.5216800841345968,1.9619711478151531,1.1478777843428072,1.1489711179890676,-1.157680473063625,-0.37142829657558096,2.5230219142841452,0.0004223725170070423,1.647369795096333,-1.1745467814815425,0.018005915254537444,4.649373050781806,-0.745556809127847,-10.986591083069605,-0.006333717522711137,152.0,0.9043301324697852,1.0802466489723253,1.0956698675302148,0.9197533510276747,2.0,2.0
0.5947962847020806,0.9932008961013872,0.04085650803059815,-0.01776262151147658,-0.10755098796379024,-0.525315267079596,0.619893187813236,-0.11022006891131388,-1.2234939583872797,0.5478080767300488,-0.6334857583636894,-0.5656165906593735,0.5217077602871091,1.2173878972365735,0.9900044976634759,0.6119718042351522,-1.7612156784383604,0.6968976843347571,0.8312373790985317,0.00450242388141863,0.5645355988995926,-5.271950397944397,-0.008778776489585811,6.364044897706861,-3.9929505843694506,2.666770060956846,0.0015845870903771926,151.0,0.9797856683295603,1.1342600426968377,1.0202143316704397,0.8657399573031623,2.0,2.0
0.6211248873188918,0.9965147447286923,-0.0027985546977397813,0.00412236351268181,-0.08326786744586737,-0.42913192154273283,0.691731477375986,-0.2712125223813876,-1.2232218587218988,0.5570153594480372,-0.8347093713001799,-0.2825400060212683,0.652081295923295,1.353627375776124,0.5567663047101575,0.5513925196835359,-1.4972828365818631,1.4238264818090471,0.5630505589981174,3.82402441250815,2.2863900111014988,-1.1819055783620378,0.005853809975024179,-1.020623201362526,-4.055805353518731,8.643486319727547,5.155580576336478,150.0,1.04742433350764,1.1711928381320884,0.9525756664923599,0.8288071618679116,2.0,2.0
0.6360711795821653,0.9971370550439669,-0.03998508978299396,0.020295784732973953,-0.06088486819698113,-0.3241955145515419,0.9109318257975683,-0.22241510370069348,-1.0978626428289002,0.36825500517595255,-0.9777308929754258,0.225188642669229,0.9318740558437412,1.7910517096145906,0.41082201312538874,0.023218495481765966,-1.633176629482419,-0.3676356740056193,1.2361620188659637,0.40014500404747344,6.447853333197515,3.0943646773676408,4.972806343433504,-6.489176736628293,-1.6815613142374666,11.647617050332151,6.0252977400679155,149.0,1.12529316278447,1.1950593771050733,0.87470683721553,0.8049406228949267,2.0,2.0
0.6439379372558308,0.9987607423694265,-0.03829302511600397,-0.028882148706343248,0.013283268244000042,-0.32358085626892863,1.2693377424294652,-0.22973081534688433,-0.9782091559927754,-0.07703818859472651,-0.8966152441383863,0.5686010092249322,1.3056188666343507,1.9654136030292624,0.1228023201507906,0.1967108595278838,1.9177195674932097,-2.023998466388655,4.794457803684679,-0.3752807272966622,2.278666271989362,-3.340201108658376,-0.15058729947830618,-11.266862739920384,4.8571851843372436,0.23728283131842387,1.9901233353968202,148.0,1.224714948573006,1.2084455076909824,0.775285051426994,0.7915544923090176,2.0,2.0
0.6378499533831268,0.9889876539378747,0.006393987566673974,-0.05693645843948162,0.1364579678209568,-0.3763364297984382,1.221749914829094,-0.5102072974390357,-0.9802187193206525,-0.49458780775619043,-0.7149825020521606,0.5194760133351581,1.2527453511245985,1.642656807199379,0.22463646847034507,-0.4177560877966253,1.8879634140717747,-1.0064435661327606,4.800977860148418,-1.721558712769044,-2.496545693162342,-7.835762437211352,0.0718851269541963,-5.489207322045293,2.4281820173042012,-1.665820805422422,-1.2927973603251743,147.0,1.3132854790194093,1.21672957179579,0.6867145209805907,0.78327042820421,2.0,2.0
0.6024576248471534,0.9684947281334676,0.0694652631511731,-0.08778682430059666,0.2224545173113711,-0.49074329050481064,1.1517570536455575,-0.5598056489148685,-0.9399716606145389,-0.5606298901724478,-0.4699805129287512,0.3545684440307107,1.2262866374709231,1.7458159743237631,0.7753754874455535,-0.8645669212547018,2.574273030470864,-1.3982878547075897,2.829201086423278,-2.8585248089378235,-0.33614971375520947,0.9771747869563889,1.5322122218999485,0.9916724673131809,1.719524260372368,-4.908462824963592,-0.14577253213923058,146.0,1.401725589253738,1.2456025360736127,0.5982744107462621,0.7543974639263873,2.0,2.0
0.5721649586845746,0.9597928762287047,0.10427744846973638,-0.050296874149202926,0.25572264845353665,-0.540987807923395,1.165255056173614,-0.5315334743276172,-1.0159248804044398,-0.49241112031206424,-0.4993737879507578,0.23070796230818646,1.2153708864777948,0.8609905327019555,0.8530998262062245,0.05921049632213282,0.12200766174892119,1.6010446678064403,-0.26648933930735935,0.4150571615145023,0.884902420758128,0.2286191728698667,-4.508254846346298,1.7487771105258638,-0.7351419366041589,-0.07836114040780118,-0.15951448086778502,145.0,1.476328589838764,1.2871034945107935,0.5236714101612361,0.7128965054892065,2.0,2.0
0.5882772616575658,0.9572073369182278,0.07680058225475082,-0.05837711642015647,0.27285141926277967,-0.52085677939744,1.2431636457821038,-0.5260933328979917,-1.1318849683605363,-0.5004944025367359,-0.5177167728701692,0.12828512463734665,1.2283265288508225,0.3829803280524671,0.9022002570925354,0.1925632857500657,-1.5885762161616845,-0.4328166638582115,1.6253373348251314,0.39108290956229996,-0.19823433668817464,0.03678202150453649,-0.17136322007273597,-2.0418914266325263,-0.13024272017007485,-4.006354346437662,-0.09667140034288346,144.0,1.5019402421060777,1.3316601779149178,0.4980597578939223,0.6683398220850822,2.0,2.0
0.5926239132642972,0.9516830561035846,0.07798225866916847,-0.05902515651439856,0.2910913240834342,-0.43943919807216175,1.2271983410082656,-0.47895884411681133,-1.2421414636817065,-0.5391850377056479,-0.5216272230976006,-0.03781657521059313,1.225064349111435,0.41401750375998375,0.9139890199957383,0.024706299818115757,1.8487926560227401,0.46979356276588,-0.04002813001550139,2.8459516276041916,-0.19342779368232693,1.8318551453809124,-1.5075039461451993,0.334073767510925,-0.0326402629015363,-2.649383419528135,-0.02902386812618225,143.0,1.5205058907612996,1.3780240416875853,0.4794941092387004,0.6219759583124147,2.0,2.0
0.6004236176047751,0.9494932794196369,0.0897273724128677,-0.05992628272903274,0.29465293417019667,-0.35524332956644006,1.223217125095416,-0.4442206312953885,-1.2350594392786998,-0.5269925925589729,-0.5214278148212986,-0.15648856272770478,1.1955478872657348,-0.2327375142049448,0.8654281936063603,0.10033171096422455,-0.13209403871695224,-0.34011157965288774,0.28247379755151697,0.5378897568331902,-0.022128737657774955,-0.42382883586885267,0.3747811894375982,0.1145411936097488,0.008819610100690534,-2.099268170968775,-1.1706905001045986,142.0,1.5215442340067948,1.4224364641538958,0.47845576599320516,0.5775635358461042,2.0,2.0
0.597065646750702,0.9479594044346277,0.0760805171025092,-0.05375573336363578,0.30445860735393654,-0.48501343445678846,1.124895669065879,-0.42687654558682914,-1.2048003055035459,-0.49856510240253493,-0.6292005940943797,-0.237485040769439,1.145489720612508,-0.517272240202234,1.0334137253848836,-0.0378239989526237,-1.2974724912683264,1.6933669398508682,0.6731157807079092,-5.676248241910633,-3.8870462974674864,1.0989038661661814,0.8333571593802654,0.9908418625476938,-4.219879653539685,-1.111547160460146,-0.8452902832483347,141.0,1.5035840056782241,1.4689172013361371,0.49641599432177586,0.5310827986638629,2.0,2.0
0.6267172640699754,0.9536425613749572,0.03832175280119612,-0.04058284018165092,0.29572003902212285,-0.5577695562536095,0.9983768838519386,-0.33825510868460995,-1.204300495223032,-0.31558984599410667,-0.88234115115891,-0.3377627566665537,1.2527613612188349,-0.052703683282641946,1.0218632261844278,1.104941891547514,-0.83548498048296,0.1906750892478033,-0.8661168969554188,0.8990576713309575,-1.1959689250825596,2.453203110739912,-0.739577996061164,6.305887464029399,-5.924308414639674,-2.9090795087510157,1.640507801850919,140.0,1.4933764821893554,1.520020726429828,0.5066235178106446,0.479979273570172,2.0,2.0
0.6726571349706079,0.9631516383084961,0.003928096243873414,-0.010986769559073054,0.2687057546429084,-0.5304063179129078,0.8564108994228721,-0.3065863553400774,-1.229099989527658,0.16351397962020908,-1.24612836208604,-0.5186567242984952,1.2379034588181441,-0.29398646614546836,0.9056037649593948,0.6281418189574763,-1.1585057070823628,1.8972622632461895,-0.943775659431962,0.22991262984251348,-4.446273846928717,-1.1606219084894267,0.1239377188791156,12.83876276552485,-7.004369466593815,-4.327925197261454,-0.5105991369188987,139.0,1.4825752987772716,1.5704098067436685,0.5174247012227284,0.4295901932563315,2.0,2.0
0.6924693611974319,0.9703826576000355,-0.021719707555755998,0.013971705364197834,0.24018855839111253,-0.47250528360947336,0.8147238766954393,-0.4016984595208559,-1.224487446613476,0.6670022518834855,-1.2124802940755277,-0.5448851138517811,1.2251796196263427,0.051461754165109896,0.8571563204969453,0.15708680427913888,-0.47644871109379505,0.2192786136476933,-0.27223811207131543,2.0471131631692288,2.7250406822223665,-2.64475501374303,0.04385537159446572,-1.1940507413144585,4.627423012649671,0.5657622637245651,-0.09016847353536456,138.0,1.4700094642863153,1.6119553233699957,0.5299905357136847,0.3880446766300043,2.0,2.0
0.6898113971064682,0.969424046241015,-0.03780666567462577,0.005085090645482324,0.2424083671274427,-0.3613850991390825,1.1225148278303005,-0.5676247758506401,-1.1587026985527815,0.5368271132139194,-1.1547954443531792,-0.5276553262609495,1.2242517210816712,0.27178767535524184,0.9028299013722644,-0.28428780960667727,-0.9283796234662707,-0.6555251741487099,-0.22550203526727336,2.4130983099092393,9.533514768650178,0.13667630219648141,2.563401228662639,-2.8446766265870966,-2.258368949415261,0.14502064258900724,0.003027749228246652,137.0,1.4768108305389793,1.6531159652487701,0.5231891694610207,0.34688403475122986,2.0,2.0
0.677827123181819,0.9726916146328114,-0.057445786808259756,-0.026982406177460932,0.2232553563923361,-0.11919618126437467,1.260514769156061,-0.5371041313380591,-0.9274363568754627,0.4864815619968511,-1.1928776043367062,-0.5261136915627436,1.2245696525970817,-0.12734006110262586,-0.0027551505039572835,-0.026028735458306557,-1.029276524747929,-2.10186466080465,-1.5067801300539982,7.220801006851316,-2.274843388451835,0.4135545305214407,6.654345795735301,0.8006828675385397,0.7113349200057774,-0.004252617157934345,0.003960339278456437,136.0,1.4821304620329925,1.6787440772253208,0.5178695379670075,0.3212559227746792,2.0,2.0
0.6666821185735539,0.9762445841058224,-0.059331856803470896,-0.07761756527048956,0.1933953368977225,0.09794022964516676,1.2249394558733298,-0.5274025495027237,-0.7817604690496549,0.5362645393487668,-1.174685906956115,-0.4867404463776662,1.2239417939513393,-0.3218677277811305,0.13223690755251874,-0.4218939315975838,-0.1389957080750523,-1.5532267643909439,-0.9741774765588145,1.5118248220261812,-0.09083003028922872,0.06428707824042548,-0.7651601453094097,0.03345109760894527,0.020337490357193566,1.5633564004807128,-0.009710741182269816,135.0,1.4700440107516812,1.6824857638986155,0.5299559892483188,0.3175142361013845,2.0,2.0
0.6482854846240803,0.9761549448589704,-0.04480863386982021,-0.09186881101071342,0.19150412925464322,0.08737306594498281,1.1406420766257062,-0.5254465448799692,-0.7726134921842178,0.508369839030537,-1.0999445906889815,-0.4926628418078873,1.2034437606562338,0.06698151665726292,-0.24322025929254226,-0.41981006584618974,0.8699641097833614,-0.10733004593988987,0.4809426825711498,-1.9016888537841785,-3.253434756145043,0.016461470444219486,1.1331471787341796,-1.1146215176048586,2.9474960100095875,-1.7716098132249427,-0.8029158755073234,134.0,1.4650336355676692,1.6775945914460035,0.5349663644323308,0.32240540855399646,2.0,2.0
0.6154074173454624,0.9711928809742272,-0.017360857692462053,-0.10567838839911438,0.21287335857389258,-0.046235431428709006,1.131971454522396,-0.5003684974425407,-0.6898370708490835,0.3193164120884688,-0.8420051225893737,-0.5413176775542026,1.2337309908993355,0.21947701114124396,-0.15797526136960935,-0.9079514231444765,1.301173313336224,-1.41737557501159,1.0283869720798329,-3.433505494182971,2.8556770128635485,0.9762516598396402,2.168145604778414,-6.39488193085533,7.3382997968570205,0.3529879376521484,0.22263978231392512,133.0,1.472373014265907,1.6676572049608975,0.527626985734093,0.33234279503910247,2.0,2.0
0.556811361762771,0.9563650378065685,0.013761174485559266,-0.12983459354568627,0.2613800353065353,-0.31963260276294536,1.2533235868543031,-0.5394632634168324,-0.5679514897584652,-0.06860799588327529,-0.5062567538514442,-0.5288733823866194,1.2272676878939495,0.21271563519941147,-0.2888749524775189,-1.4243452205361002,0.9576411469216455,-0.9324271523692813,2.4036387097615615,-7.461336471653307,-0.2308531619777231,-0.7860515176724701,2.7030380155274134,-9.092762718176958,5.049138316371993,0.11491903382871016,-0.13310805594429853,132.0,1.4824806489050906,1.6564881375836251,0.5175193510949094,0.3435118624163749,2.0,2.0
0.5196977870706653,0.9356739155671286,-0.01266119387234169,-0.09650791463546946,0.3391758250667606,-0.5635536675681285,1.2317947039720938,-0.5335514167495926,-0.5285867711306257,-0.5533263737990387,-0.5399589176658449,-0.52659683321718,1.2241305584688884,1.8399711398094925,-0.07989120348985326,0.2555910511264954,0.8406988921249622,3.1885213508757557,1.383635770857505,-0.12665747856974274,-0.2662174612779923,0.23068867124260717,-1.0571116532273592,-4.533484374582066,-3.964986362226707,0.013299576853627223,-0.021175016488425714,131.0,1.5309735551115975,1.6457210223572545,0.4690264448884025,0.3542789776427455,2.0,2.0
0.5511516144565816,0.9396254378601951,0.0031935996110037685,-0.07015795711303825,0.3349204360759227,-0.40992936959000875,1.2241913949734573,-0.5271017049949569,-0.5378048869351033,-0.5516400696353378,-0.6906764471019978,-0.5245111849753762,1.2236681148754893,1.3635935094253726,-0.6125670765408967,0.6931552116483318,0.3781430088400315,0.1068866548916163,-1.016709645678127,6.2570047611492425,-0.06226107833690839,0.05038766193729835,0.6799011561151426,0.8450511742618241,-2.07869427126705,0.02734394158563188,-0.0030899672120418354,130.0,1.606882875898472,1.6194047669549416,0.3931171241015281,0.3805952330450584,2.0,2.0
0.5776575079857029,0.950091662528381,0.022660053003058754,-0.06021515650039273,0.3052646224500782,-0.24009864350005494,1.2237547659130332,-0.5258305316605901,-0.5797026775000996,-0.35636950687548385,-0.6519708613611496,-0.5245329085416073,1.2229696767700518,0.6563265339654117,-0.1586398435913214,0.548331865143926,0.7601592188004966,-0.5121195550277857,-1.339107901581169,0.5778467379347705,0.005119855001749964,0.009006131743185174,-2.324554000554292,6.93018237564745,3.571946681514988,-0.004037216588019752,-0.00816429748584873,129.0,1.6622971803162068,1.5988369772230155,0.33770281968379323,0.40116302277698446,2.0,2.0
0.5980802719142899,0.958554118929665,0.038381282644106514,-0.061055705100991724,0.27563214453359325,-0.36867440824975145,1.2238756934810093,-0.525068442810831,-0.6825319470381261,0.10383388436287073,-0.6509095133425519,-0.5254028248280866,1.2227205486945674,0.2293327004809647,-0.054192985788920206,0.2539094875348365,0.2258384468001733,-0.08378716205663092,-1.0832948456813225,-5.6694366041700714,0.0008186058892826454,0.009207012207977863,-1.7907681769355521,11.44132755826188,-3.4660257265302685,-0.011377800584372016,-0.002036971370564082,128.0,1.683103102008075,1.5946299489303628,0.3168968979919251,0.4053700510696372,2.0,2.0
0.5969215709394629,0.9645404167891446,0.03796398991743212,-0.07010439439098876,0.2516066249859992,-0.5688009809873704,1.2241636678296641,-0.489544317623754,-0.682137419645116,0.5996930028266382,-0.8690692053131645,-0.525141080821827,1.222400730636708,0.8317395135091938,-0.2675306788219881,-0.24693655892416214,-1.081140950393583,-0.8250014725702208,-0.2236717030122054,0.5365603048716456,0.004064698697101088,1.3893398474123941,1.7885277202073535,2.34048029601452,-5.230492954083648,0.005202268303894404,-0.0025786776510680434,127.0,1.7024628183185133,1.58651760877875,0.2975371816814867,0.41348239122124997,2.0,2.0
0.585118435930447,0.964226805838356,-0.001411030950434389,-0.07703990807102658,0.25363266441613225,-0.43865215508083066,1.2240586328801315,-0.549134672439447,-0.7575341577718292,0.5567716743182287,-0.9901544997579097,-0.5259354084579397,1.2233351411131925,0.8313464649401857,-0.049378894745755866,-0.32547593655876456,-1.3248837810088927,0.42010772994020074,-0.33205837503977587,4.648447037473885,-0.0019922075289315194,-0.7161392221174798,-4.757260082341497,-1.0396933625597204,0.3093230289981832,-0.012131711468634891,0.011954432684191635,126.0,1.7443652181471232,1.5764658428540017,0.2556347818528768,0.4235341571459983,2.0,2.0
0.570120771193836,0.9698552536618721,0.0034879164587537934,-0.0438560512367853,0.23967742520554425,-0.3757326311406676,1.2236943346230227,-0.5342417348781964,-0.9108278971524748,0.529726436477167,-0.9717685640264324,-0.5261450549208093,1.1911483930404734,0.3951691414105464,0.42890807398556463,-0.05915336509383956,0.6758991373964479,1.1960652205423035,-0.27062888355333964,-2.082020151636388,-0.004792631760800314,0.3435166226532085,-1.444973817911296,-0.20019658419489156,0.42824253533912277,-0.0012651200457470264,-1.2048068449936897,150.0,1.780361936131546,1.5846459799483725,0.21963806386845408,0.41535402005162747,2.0,2.0
0.6037257779114041,0.9710961140278712,0.0004520917850561368,-0.04111534590361955,0.2351205249743446,-0.4890325592825185,1.2240234430357448,-0.5267376936139029,-0.9924948084074233,0.5248064699854063,-1.0072221473222995,-0.5252526391843666,1.239748916179915,0.32781538004799105,0.2903655663408004,0.7133747222691791,-0.00031168349951593566,0.131267057365272,-0.2086224518334346,-2.4921441524117363,0.0057274387887040895,0.045228509077077,-1.977483396054418,-0.034078823435032726,-1.8314530581187836,0.01287821669302847,0.4029314930269672,174.0,1.7980105131339517,1.5986523180328596,0.20198948686604834,0.40134768196714043,2.0,2.0
0.6312943325660997,0.9756099261088839,0.015664430548729888,-0.02777996834375435,0.2171823451669643,-0.4391689535009383,1.2234093260305146,-0.5247233690891464,-1.225255706336822,0.524327011192242,-1.0471353900584446,-0.5246786976955428,1.2287541057772087,0.4476493083005545,0.2658297310773308,0.3987223134164844,1.3751587233312694,0.687691373182201,-1.302306771975546,4.429943096353545,-0.009890874278066007,0.020779800999394832,-5.880183600865328,0.0004440855230034425,0.21751791557725464,0.005889322861805399,-0.23088522570100073,198.0,1.816968299985624,1.6128035740254771,0.18303170001437596,0.38719642597452286,2.0,2.0
0.6388793064270567,0.9815954679906665,0.03487692263056223,-0.018111717666503702,0.1868847323115914,-0.18065732599289225,1.2060957409371797,-0.5242900492548757,-1.2470626103878577,0.525639259034753,-0.9927070319324327,-0.52422669393617,1.2232421586563087,0.33469838192026746,0.36896675363899434,0.09510733406217307,0.26158259877655865,-0.4964858493468803,-1.2026594917519748,5.892319649148988,-0.6750158661025375,0.001079387089917736,0.7523651443975323,0.0176311144862316,1.9474209050876223,0.0036595010570738755,-0.03664787244483224,222.0,1.8399145708006752,1.6252675382344888,0.16008542919932478,0.3747324617655112,2.0,2.0
0.642958851732495,0.9849705701098659,0.02907798137308663,-0.036597858246903765,0.1662770091998648,0.05582412584339355,1.2261270484630316,-0.3888321715774167,-1.2061744930733143,0.39876105618810864,-1.0458600448212578,-0.5251852916529176,1.203519306147071,0.5375363257060861,0.5950910166869481,0.10849166816228346,-1.8471423818819914,-0.44586618779520837,-0.06075825131995821,3.586646016462204,1.1215492673159895,5.3609693877096225,0.893145764280205,-5.028106423459616,-3.9691720493686855,-0.011779738054330777,-0.7730182948038709,246.0,1.8589065585722333,1.651241145961322,0.1410934414277667,0.3487588540386779,2.0,2.0
0.6485668598013455,0.988910039468646,0.000311677412376879,-0.02430337398137254,0.1465134215982741,0.3799249526841386,1.1938503387966355,-0.19409968009417847,-1.234409499011523,0.18394877269408552,-1.2549480452511454,-0.5257237693665837,1.2378505801231101,0.722358966213271,0.5660587843058226,-0.00642966385156804,-0.0016079203743425835,1.3314087962014487,-1.3967505108254947,9.32634538463407,-2.154699923022433,2.4706227137368257,-0.3006601500851127,-3.5898398709989614,-1.686795893289215,-0.0058573373296561225,-0.06614508793798879,270.0,1.8901239866432193,1.6796420613229879,0.10987601335678066,0.3203579386770121,2.0,2.0
0.6348744889587395,0.993254421490353,0.007638420681531933,0.010338719723263775,0.11524070285207436,0.57189755659569,1.2315374089026419,0.06380572451292663,-1.2277877480976382,0.055658038316778305,-1.2257749935797726,-0.45194619770885647,1.226541190979242,0.31430821550522,0.8077997212850345,-0.4672556460535525,0.470671490525234,1.3384779907098316,-1.3340606114597666,-0.9650083967928882,2.2758077712693328,7.801975702735801,0.14984966040993777,-1.5547921736535526,1.5375988135347853,2.929748962499793,-0.1502750982458089,294.0,1.9169323852933597,1.7146535746400684,0.08306761470664026,0.2853464253599316,2.0,2.0
0.6360513077326987,0.997469003145994,0.001290178910876536,0.0148994477766632,0.06951208281490182,0.5354608236077694,1.1741727372700197,0.5451443839899485,-1.2237802268432731,0.08666956480936004,-1.0272135523840156,-0.30457463039534394,1.2236777794405105,-0.3568508355039174,0.4096493744627177,0.2244313909482056,-0.03718078426497026,-0.3675766609920474,-1.9555180427977426,-0.3496550674070833,-3.990993268892443,9.314604405520113,0.030405616054724527,2.7504239830677815,6.367910820005868,2.9826443399614924,-0.013417798486407758,318.0,1.912843252899813,1.7479631632557644,0.08715674710018706,0.2520368367442356,2.0,2.0
0.6336171412809625,0.9992432938084743,0.012338436481481998,0.001767802805634392,0.03684396337561629,0.5268234155180888,1.1526594732930444,0.5699761042287976,-1.2239208645073252,0.35754429521371167,-0.5528455109274614,-0.20626357820506286,1.1869988281315837,-0.6117310259520832,0.288921667954085,-0.32734023573345095,1.1975130354329384,-0.8403632266726326,-1.5090731284047143,-0.060429989713168694,3.076413083935597,-1.330004698751652,-0.00749671077232351,8.052497049673791,12.56617610527606,0.9793192734648942,-1.4448768267339447,342.0,1.8886117296110623,1.7615336117368605,0.11138827038893773,0.23846638826313948,2.0,2.0
0.6195077793554675,0.9996581542951527,0.010284115074756395,-0.011840334876353394,0.020919321173353097,0.5255883069902545,1.2478916990607078,0.5330256879214803,-1.1964773424126183,0.5644693927128605,-0.4730650193420174,-0.2297676689069746,1.2038480501658937,0.3324596399972044,0.010180391986095258,-0.05871293004282602,-0.2023908936695517,-0.13885630152065284,0.08026226655304157,-0.00648532625730498,-0.4348084402287162,-0.2891407686642252,0.9937343400019725,-0.51193489168993,-1.625673708921459,-1.9131153679919686,2.086122765370389,366.0,1.872888299874065,1.7717696553095552,0.12711170012593498,0.2282303446904448,2.0,2.0
0.6263044405332175,0.9994316261791277,0.002952136047044541,-0.00038856990675893515,0.03357913785569699,0.5255645002069098,1.1517127065665416,0.5270254043696345,-1.2222644628848545,0.4536961372407755,-0.6585360972682999,-0.3280517904082017,1.2279706104025236,0.42569781177504584,0.14603555084911274,0.04643200917175353,-0.46477933061362153,0.7185344128036022,0.9129119909576976,0.0008653683632938481,-3.3905746129165464,-0.03325680368530019,-1.6402787334282172,-3.8920181199990043,-5.753874392494289,-2.0499225305069344,-0.488944310495367,390.0,1.893990457151671,1.7764731303501509,0.10600954284832897,0.22352686964984914,2.0,2.0
0.6167100480857142,0.9990435115222974,-0.005420788104293066,0.014438989317388747,0.04091690028604561,0.525291832992793,1.1452245647119943,0.49594429297116466,-1.1676714320595882,0.3681249223092387,-0.9824251628877184,-0.28951552371520045,1.1705646045102123,0.056879477221009195,0.09184934236659119,-0.19644536889863018,0.11661402054618569,0.18627742713466122,-0.5387492179611267,-0.0031976120659675806,3.0122424067108273,-1.1930708164273598,3.596334242476117,0.44604496704354746,-7.1876418748825905,3.4971779914233942,-1.8142137215710465,399.0,1.909327172074139,1.7820032409902211,0.09067282792586107,0.21799675900977888,2.0,2.0
0.6238430320611249,0.9996671317198392,0.002822456397790915,0.009289112953590013,0.023903386359422397,0.5076065957792237,1.2310701828491915,0.4574309619681125,-1.084922465306365,0.4925243716006881,-1.2527025962541019,-0.2559683785764174,1.134253127050218,-0.35090728269547433,0.2987954574373838,0.26975585071142494,-0.5473806482308554,0.547218101419064,-0.6973048421124721,-0.73364237228716,0.13283120069107213,-0.36487340906115723,-0.2586821619170233,4.45878992908801,-1.1871723268357441,-2.0135518873056233,0.3754072000760096,399.0,1.8970376821366077,1.7903060856223036,0.10296231786339227,0.20969391437769636,2.0,2.0
0.6311798397085516,0.9999492497514647,-0.0010014501559454326,0.009426106414944674,-0.0034122627275773106,0.5383454306841177,1.2266769774380415,0.524952039886691,-1.0601830552383458,0.5522870729813633,-1.2191626104804905,-0.2154364204459352,1.247363871409258,-0.44056101726641306,0.21836945454164064,0.04133864490555948,-0.10827637829499953,0.028666525723539144,-1.412957078549179,-0.06266916760757496,-0.08707584644537363,2.416093183331481,1.227958076941168,-0.7371197319030788,1.6386236441578523,3.5701749908829212,0.36115479442400145,399.0,1.8821299615919271,1.8026104833817502,0.11787003840807286,0.19738951661824977,2.0,2.0
0.6292712479292664,0.9991315784392552,0.002335615606227922,0.017440439582796275,-0.03776857069550535,0.5295592638497467,1.2240060368216608,0.5355784811155766,-1.1491996279446002,0.5291379316545052,-1.0783880087989826,0.027991304120814117,1.1507309429219577,-0.7436466240129199,0.14679524479748354,-0.20282860438316663,0.6569856342904252,0.5504893268972166,-1.5626994229899056,-0.11483139317517771,-0.02205627759625229,-0.2849791601243556,-4.736225865123847,-0.19877931046931746,3.9772877528260495,6.163314768571362,-4.180171348489196,399.0,1.8500427751113278,1.8121859779416174,0.14995722488867225,0.1878140220583826,2.0,2.0
0.6076505477426601,0.9975052423148958,0.020746373371755535,0.017699262322132734,-0.06511233108615667,0.525944796434455,1.2236210432931225,0.479267046927797,-1.2538670541205088,0.38153401090944394,-0.8477545854745344,0.32071150637411927,0.9537345454255914,-0.5623395263609672,-0.13059747457334803,-0.7068657528041313,0.7475828951936017,-0.40804221247347605,-0.5247781497773586,-0.03127619158645385,-0.0017367411747055868,-1.9537419653743298,0.6861517872712126,-5.657047266839879,5.239517839199735,5.549887739541832,-3.7027176539769395,399.0,1.816741175358724,1.812382753892429,0.18325882464127607,0.1876172461075709,2.0,2.0
0.5720897901425558,0.9952025789914192,0.0561126366050829,4.705524486886896e-05,-0.08014484741927143,0.5116829490261526,1.2224190727110547,0.5199425262513829,-1.2296058006415709,0.2145795255127768,-0.5001204567747167,0.43374634467849515,0.8809918029517976,-0.10272578615930103,-0.028905484813312704,-0.006236588398075282,2.081864919728241,-0.8622804350393015,-0.4785722552848184,-0.5358305906980765,-0.016450524306216567,3.4976026383105925,0.22963821873977264,-1.074556921785352,3.8333878596128637,-0.94049930819573,0.572502272748299,399.0,1.7952233155726365,1.8088373008613796,0.20477668442736352,0.19116269913862038,2.0,2.0
0.5851806611912866,0.9932780808699629,0.06363366389170153,-0.01656922653774806,-0.09526212056710764,0.5377417714510933,1.223063465601098,0.5214942157638931,-1.1925899477221553,0.28051379776572377,-0.4994428681358894,0.5199171672073489,0.9526708568730504,-0.3750310755392862,-0.5633489338605587,0.18593618391871025,-0.32364357077382105,-0.6135117654575177,-0.9807835421442507,-0.17941232296444087,0.00972404227453074,-1.90516097615212,1.186686682838113,3.69137174149869,-0.6844900485799236,4.3464923158545705,2.3575747754537115,399.0,1.7838017199070515,1.7887867052837612,0.2161982800929485,0.21121329471623884,2.0,2.0
0.6072000855294893,0.990787686133088,0.07891808496909301,-0.037334528129301214,-0.10352695243855543,0.418518544220073,1.223615714016693,0.5357795682712951,-1.24699077711045,0.5338531998978061,-0.5180954257029877,0.5044893211989752,1.1046675539552901,-0.41288719367372223,-0.1239575688618375,0.803212891230053,1.468260212331645,-1.3262533539662618,0.7387809612609894,-4.5548953259762195,0.005938408650314821,0.040631423140327694,-0.5557456990255194,5.214614770436223,-0.14389877220713032,-3.4118165439593677,3.665905564678887,399.0,1.7636969354407177,1.7759818521894866,0.2363030645592823,0.22401814781051343,2.0,2.0
0.6329050658839968,0.9890813055506938,0.10687971158932925,-0.077087923134837,-0.06597234547501275,0.07410396395530457,1.2243038431120503,0.5283821618630528,-1.231755705382767,0.5419780202156228,-0.5222690718364495,0.490911180488673,1.244830759021711,-0.35226882083589983,-0.2928134959747255,0.22854652325641178,1.41902250797223,-0.9944723038260661,1.741039219302698,-9.178671060298221,0.00871315881881979,-0.1133514147546713,0.3193907824495595,-1.4056030210949282,-0.03381184408983123,2.833315561805221,0.16013394833446903,399.0,1.7477282471981626,1.762906043854543,0.25227175280183745,0.23709395614545703,2.0,2.0
0.6444132971273515,0.9886598053199569,0.11543939472540007,-0.08300592125239041,-0.04832755453341683,-0.24922695415552726,1.223843609402656,0.525680451537042,-1.2247246802338445,0.5269518180481026,-0.5228782204469768,0.5397554666728713,1.1572500464574516,-0.268370566294812,0.027956184047092995,0.08857641287383347,-0.06886857544724914,0.26131321715483213,0.18503140863575468,-3.8056466662979354,-0.008011392485098048,-0.018512360377286444,0.04316505525557626,0.11156188520207655,-0.001636118635614118,-0.3882810369952771,-3.6261169187182825,399.0,1.7318958923474144,1.7601190458853964,0.26810410765258563,0.23988095411460364,2.0,2.0
0.637493949331842,0.9894794390773872,0.10692749136623386,-0.08353273955292269,-0.05019195808101978,-0.3176878001308092,1.2232957577972756,0.5258279707075424,-1.2240326551434562,0.5256506013053345,-0.5242028836708196,0.5276203560797197,1.1225855044560469,-0.11732104517743763,-0.11976914464174515,-0.37482271051873906,-0.5944117843841505,-0.3499628051367127,-0.28519610288947406,1.0275324632162637,-0.006403870022203938,0.005469542732612482,0.0021109588717538935,-0.03890200910453844,-0.049288070482460575,-0.10389240488205528,2.191107598076199,399.0,1.722661755436216,1.758051965049507,0.277338244563784,0.241948034950493,2.0,2.0
0.6224039934372405,0.9897830903326068,0.10526016861444122,-0.07556544947976242,-0.0594944857933571,-0.24852844703856092,1.2237265238182347,0.5262292228807887,-1.2235525593639023,0.5139724080141014,-0.5189132618888703,0.5259430459822559,1.2370669538164776,0.37196827857953113,-0.2796253681114489,-0.17595261378562635,-0.15997946072602232,0.8197280211708098,-0.26446799778013624,1.7293463326997405,0.007325944208594434,0.003903758663960483,0.0068082763148674084,-0.36152611458109,-0.0547604368406052,-0.005384943116687907,0.9539812514703481,399.0,1.7271440072686295,1.7451055750761475,0.2728559927313705,0.2548944249238525,2.0,2.0
0.6079366778326437,0.9933150987674666,0.08995425405123084,-0.04664807385273403,-0.055292892350597665,-0.28909164480111327,1.2233921283452664,0.4254124677901088,-1.1419378260582131,0.5310055012108009,-0.6044245971932548,0.5248293759523801,1.1991438480427297,-0.1304798926818322,0.0844906190365641,-0.028777863370394396,-1.6647314485930227,0.8051217176465734,0.8515499129543167,-3.3237182604960984,-0.0059759787155101345,-4.008881856549319,3.2401611622261033,-0.04099822962838148,-3.310028818237038,-0.013144441272252855,-2.072991878173057,399.0,1.7396492874214613,1.7338176549429736,0.2603507125785387,0.2661823450570264,2.0,2.0
0.5985907260075738,0.9971456598141477,0.05907868614684463,-0.02869367560925886,-0.03724130686484359,-0.43234871468616076,1.224213573784935,0.359153151604112,-1.084958406442061,0.44398692080905705,-0.6666615701638473,0.52521773784277,1.0216516182121047,-0.06423437659892908,0.2319499413774444,-0.4389138748258994,-0.6901014907131668,0.8195062231540379,0.5623597693066262,-2.4131196935989268,0.012868185373728244,1.3134104242509645,-0.9281794930994559,-3.413783408586988,0.7886788860603025,0.007904167670869556,-5.024503866715293,399.0,1.7324143455834806,1.7429548684237142,0.2675856544165194,0.25704513157628583,2.0,2.0
0.5645974114984902,0.997874890020087,0.05942842260956605,-0.007839002981308052,-0.025544402239973566,-0.5399437646654648,1.2245474315372549,0.42130415195132725,-1.173103825435971,0.28199382812636614,-0.49261927585624526,0.5250106953430006,0.7204990701487749,-0.0999857654707444,-0.1689293131792873,-0.3234040391578257,1.3267334437967162,0.8656224956171248,-0.4625959334855634,-0.21372306162848786,-0.0017762946354270845,1.1970640787364422,-2.45555604536808,-3.0483254764941887,2.237931601277433,-0.003493777916703594,-7.000267636796269,399.0,1.728307098977249,1.751412515600672,0.2716929010227509,0.2485874843993281,2.0,2.0
0.5583589754907047,0.9939133633087845,0.10037105015206707,-0.0015936797282073123,-0.045379937334851156,-0.5157908789821679,1.2242133697210713,0.5042575689736644,-1.2416558356315284,0.06267959638541572,-0.5035827723291217,0.4952367899587853,0.44968316265975206,0.022572481062692024,-0.5504343555097412,-0.24842963542767277,1.1362162919550236,-0.725618709743012,-0.6028950105454935,1.0129474123333297,-0.0035339236696620884,2.1000772147876265,0.3551116110833695,-5.723058367312141,-0.5629436833313128,-1.1967151831814533,0.5765918393266736,399.0,1.725971172206459,1.7300684083171223,0.274028827793541,0.2699315916828777,2.0,2.0
0.5366134096573029,0.9900368916022851,0.12297868744144089,-0.01655134097250071,-0.06655260185505613,-0.3971384206947706,1.223697828438183,0.5325574462117618,-1.2263247046166206,-0.06955520086810517,-0.5182936871970618,0.3462381953200136,0.5028461837002693,0.16189126902581602,-0.2816751459910126,-0.39363064859247265,0.2141750453350254,0.31664136429101286,-0.9629277452438874,3.7088069554418612,-0.006939036391733655,-0.3038227546458113,0.1562718233504154,0.38365502083885117,-0.10962781116788753,-4.740325453826989,0.658773441351856,399.0,1.7252566622719707,1.706723196846496,0.2747433377280293,0.293276803153504,2.0,2.0
0.5137004083414447,0.9892133386156114,0.11108965668629683,0.0075574520975662555,-0.09517848391348445,-0.08192581683414538,1.223937992181987,0.5268125816070977,-1.2238238916496056,-0.15135473838234909,-0.5216831290879576,0.27734832616348637,0.518526385869259,0.14094366927268548,-0.9319397795159113,-0.07541086487540133,-0.16400763513908584,-0.2918044848564505,-1.7644074506795695,8.796445523254281,0.002217560457816825,-0.025923741919897332,0.01001741354251531,-3.6556753815435616,-0.028946481904512725,1.9662071225775437,0.10600215746018361,399.0,1.738817385495432,1.6786886681080204,0.2611826145045679,0.3213113318919796,2.0,2.0
0.5239009213326183,0.986608939099314,0.12105658960842716,-0.006769163335999397,-0.10909757939309851,0.2755297915118437,1.2238265240643162,0.5258716990635677,-1.2240334358842477,-0.19578024843193134,-0.5886335515902199,0.22913278256353933,0.5219829265703001,0.1332105883774521,-0.25882018470516127,0.1671602497829985,0.4786898079433871,-0.1277475693015085,-0.290711386557596,5.569214159764352,-0.0020372955406031197,-0.008622244401056163,-0.005962350452715838,1.8327800914107395,-2.611315942448349,-3.922470958386848,0.03079997531668044,399.0,1.7447462686075608,1.6501304570840054,0.25525373139243923,0.3498695429159946,2.0,2.0
0.5485692554770663,0.9905994253377516,0.10129496611203397,-0.017403618236753116,-0.09027304377912308,0.4418280114725984,1.2235066566940904,0.42188284863750974,-1.2235126492295518,-0.2346616587069152,-0.5988969362354635,0.042519382694764234,0.6322734004363436,0.16225357438813198,0.09769030521175395,0.35696309557382605,-1.12517889257742,-1.032594233119382,1.7817984068491253,1.1291888326999957,-0.004214310102418336,-4.12225459515259,0.008628874135200783,-3.1934638949708516,2.0813555320824153,-3.7108266062488204,4.388198282974018,399.0,1.7537229544094122,1.6559323562234933,0.24627704559058783,0.34406764377650667,2.0,2.0
0.5808043733699668,0.9941851703013247,0.07738571546166831,-0.03376560610255007,-0.06683698108038215,0.41249556929715964,1.223161300297175,0.33174556180370435,-1.178196410016582,-0.3795756939264904,-0.4923990027689972,0.005826038219168144,0.8440873632857757,0.05874900641889999,0.026903359776717227,0.6360222512975755,-0.814701893394623,-0.1938455528563729,0.2090883990963033,-2.2736977739882764,-0.00428501194184408,0.48998818580716974,1.703655751425102,-2.6081892409174228,-0.3926743356877612,2.186584618900445,4.178390427853309,399.0,1.7594186131157745,1.6577307517601785,0.24058138688422548,0.3422692482398215,2.0,2.0
0.6038256367878041,0.9955439062885133,0.06586737473132552,-0.030931787875739712,-0.059975362413420455,0.338451452518742,1.22267827899803,0.5225478445461978,-1.1692534596923534,-0.4950033441999649,-0.6417043427618472,-0.05618229426540203,0.9593447204929805,0.3100956674393505,0.5284660003841197,0.39365972681823497,-0.17156991395330118,-0.20081665939017984,0.8601057059326807,-0.7085851123561828,-0.005924129022438571,7.083036561293781,-1.3125293847400235,-2.026857913889272,-5.529641939269778,-4.573990253307457,0.45632391615924317,399.0,1.7690061018218952,1.6698993427110196,0.23099389817810478,0.3301006572889804,2.0,2.0
0.6103789041107829,0.9974065687691462,0.06260632261368893,-0.020608869465490957,-0.028911233877219986,0.20892588973251364,1.223037793526538,0.5586382975031526,-1.2360330094566145,-0.5337180409623346,-0.9267583832619107,-0.16640076945745724,0.893127807275926,-0.05374753712660101,0.37375793400806206,-0.04724203883565793,-0.14097767701942,1.6677872121919015,0.9359741357941551,-4.430842837570655,0.005953601877827881,-1.0024576683030195,-0.30754450770976316,0.22171524432677914,-5.822710941736865,0.13568015158270597,-3.076461062005486,399.0,1.7724563631201045,1.6901501903221765,0.22754363687989554,0.3098498096778235,2.0,2.0
0.5993210508102191,0.9984850009988934,0.040163713962410266,0.02307948376543437,-0.029697075447033188,0.12411511681322994,1.2239670849002169,0.5302298927785126,-1.2289920763354427,-0.5276397843368724,-1.0557129146314816,-0.015187745828570784,0.8618394970945206,-0.13450094714663613,0.10395769370929506,-0.31464232490434685,-2.622887616938951,0.9671567081342649,-1.597560478874207,1.0095117417505441,0.012086469636779118,-0.22625240825778656,0.1570657149787145,0.047303113433334765,0.5657193292220664,5.816352880358482,1.7629788535306292,399.0,1.7701760497067571,1.7022517276332534,0.22982395029324287,0.2977482723667466,2.0,2.0
0.5955130809810054,0.9969441381289925,0.022324716906208814,0.0037479842789809896,-0.07476593528568229,0.3186386772904867,1.2244702123618019,0.5133131228837935,-1.2233482865874288,-0.4653514086152609,-0.8915673841288706,0.1493880537228866,0.838749607183839,-0.09580398335995195,-0.17554489195463566,-0.015792325729682657,0.6001815121312393,-1.5557637777349964,-1.9269298423088304,6.644332070033692,0.004668902793314994,-0.4122142731847388,0.0599209734720906,2.4107182844276744,5.943582601318223,0.8723467749957793,-2.6192680005440616,399.0,1.75956207479389,1.7032597176108426,0.24043792520610996,0.2967402823891574,2.0,2.0
0.6022122567472301,0.992563380525021,0.02785816860675618,9.820547403216096e-05,-0.1184983056347432,0.5674504804271465,1.2239740712278333,0.5326907261183992,-1.167821367257607,-0.21500787675970023,-0.7049909161593879,0.25288977840193555,0.8506338622626631,-0.319922679194682,-0.3054282841847459,0.029559484197785715,-0.13292216237015037,0.3776320535589514,-1.6495729599786102,0.0027449369648426813,-0.007744348246394287,-0.116225559979685,2.107411676246624,7.566395632744437,1.5702669843059969,3.244786784031395,3.0504068092438814,399.0,1.7528989105437647,1.68584108214363,0.24710108945623532,0.31415891785636996,2.0,2.0
0.5905187751177581,0.9892896731127073,0.024909345855204705,-0.0019287517677637736,-0.14381149842149954,0.5380008859426807,1.2241496465548531,0.5270622300724531,-1.054783597950363,0.01225792823835948,-0.503056758806081,0.39889726175875684,1.021714919835796,-0.2038347322256456,-0.4963531620371928,-0.3394075520584651,-0.918281654214352,-1.4179021645579426,-0.43156574891513977,-0.4230511479142636,0.0037808013275148974,-0.05991386243508892,2.424261532538304,1.5695139041887372,4.261072791933861,2.602359499189306,3.729713022083797,399.0,1.738612504594582,1.6663075648926597,0.26138749540541806,0.33369243510734026,2.0,2.0
0.587909717688443,0.9896190476076304,0.002979567808673769,-0.039178650645652076,-0.13823999465214915,0.44919164335590145,1.2239319374163242,0.5261542934250075,-0.8680002059152684,0.02838440003725648,-0.4984333035241437,0.5577805581952968,1.1605071508634321,-0.6061405309634473,-0.4838615106364057,-0.24525546515658955,-0.503036555442884,-1.6431528709534675,0.9734290371473673,-3.2048141391789686,-0.003002935519894567,-0.0021582239610099703,5.033606621126859,-0.9099357949778005,-0.7056042146003221,0.8772720663722882,1.8884742310339278,399.0,1.7089028846320806,1.6388478152141965,0.2910971153679194,0.36115218478580347,2.0,2.0
0.5686510592235124,0.9924605395355711,0.010676023928261145,-0.056518214521140225,-0.10823027028141674,0.3684124797384,1.1753722082433298,0.5258691241683529,-0.7812434848935282,-0.19512584400457345,-0.5340086384835185,0.49791435671460016,1.1000475743638887,-0.27176103432490883,-0.6621804967565269,-0.4842523099862506,1.9564615014681102,0.6235161733550734,1.023553089449122,-0.04830295359716863,-1.9205067944752026,-0.003779987852831071,-1.4974780005691282,-7.9577543625423015,-0.7164730859066879,-2.797874064497321,-4.262047680816461,399.0,1.6865987247951266,1.6106485736677587,0.3134012752048734,0.3893514263322413,2.0,2.0
0.5609175344569776,0.9917610546814949,0.08888796347425214,-0.05353088396714866,-0.07512246553558216,0.49861361285305295,1.2269076554217457,0.524733151779481,-0.9964319991462132,-0.5110575754568927,-0.5080075786170953,0.2539566581913722,1.001033319392071,-0.19434597712222662,-0.1825999110111614,0.9193136882411567,3.4328039356346736,-1.2355956877213274,2.161709536191139,5.213225186513207,3.081162224426185,-0.016062941484126028,-6.8975737047768835,-4.731234381675698,-0.20174592714610753,-6.853631645008291,0.04033560639955314,399.0,1.6741034776907247,1.5859890506661107,0.32589652230927535,0.41401094933388927,2.0,2.0
0.6514947232076089,0.9830020784262032,0.15246352128559718,-0.09723985614674949,-0.0317206378170517,0.5403847792170289,1.237672953670074,0.516682163629195,-1.2798683766398893,-0.5427199194287349,-0.5180087625352168,0.0356739579645696,1.067031689536817,-0.5322864989427316,-0.12995965077277716,1.7444683677341584,2.0009431170056478,-1.9264671127270554,1.2953885718658091,-0.5651005177753624,-0.4038363408701593,-0.20487252587887628,-0.1922180933352906,0.5422274619319534,-0.10669295386232105,-1.9821547476223507,2.8866737091258976,398.0,1.65001081823436,1.5825491592251888,0.34998918176564,0.4174508407748112,2.0,2.0
0.7295618337486122,0.9728262957992898,0.19135769090987337,-0.12518316093016285,-0.03633742630687187,0.5270505214193855,1.2259023147712538,0.5321291169606733,-1.1686687232943498,-0.4494230493291433,-0.5208115740203355,0.11740773568937972,1.2636166660919228,-0.6248160047650807,-0.0892392012729813,1.296723534623101,1.6165293297317807,-0.4187651124285788,-1.373596665744388,-0.08924348453291303,-0.09571729725952494,-0.12366946070224376,4.4003246344149245,3.174015771012593,-0.021511823198090495,5.188045860884999,0.9223375507697513,397.0,1.6217178774276026,1.5761981280469697,0.37828212257239735,0.4238018719530303,2.0,2.0
0.7762959074941814,0.9621943783052286,0.22631131384171463,-0.13368075876882007,-0.07137662306416825,0.5261065953805335,1.2066065899182032,0.5270854550839723,-0.7731127072973322,-0.35378048300116727,-0.5208324188105081,0.5074205654108639,1.239589306958326,-0.5689215408511052,-0.2677665633429845,0.5699665668936299,0.7779834034758338,-0.9802651242673099,-1.5511079138044546,0.0026294833021575825,-0.672319484612661,-0.050045135953965175,11.368221511812342,0.668506280699926,0.003617021145568367,10.369077394366858,-0.5122132131620338,396.0,1.5913715635435939,1.567410688160123,0.4086284364564061,0.4325893118398769,2.0,2.0
0.8045361596330527,0.9553110497709782,0.24913821899236813,-0.13516607042543083,-0.08391114007406655,0.5263851087738235,1.0585214168841122,0.5254518131533551,-0.4438181163848659,-0.3035797435343135,-0.5207714865049297,0.5689436110478521,1.226835691162794,-0.5295799045949363,0.024723236938079353,0.44325431445730934,1.1234534266078835,0.9096528253367279,-0.39536078711956935,0.0038775673751611974,-5.2185939264556716,-0.014177298767277394,-1.279572784339256,1.3531312952155061,-0.00022416554978712047,-1.310450598743239,-0.09024043887308353,395.0,1.5660728611551151,1.566641220185736,0.4339271388448849,0.43335877981426396,2.0,2.0
0.8146394580225481,0.9493070431692959,0.2810322673840376,-0.1172859589145941,-0.0779808073800176,0.5264402751491629,0.9148167660963361,0.5209150243624447,-0.5038129471381729,-0.31120540353519616,-0.521222414409499,0.5332041691191032,1.2249192908334792,-0.4747261345525098,-0.0644683361014684,-0.04415863879451623,1.3901401281153318,0.653565227157846,0.10936036698388252,7.708276434558332e-05,-0.5674720012465008,-0.1654739610744706,-0.6296066043552262,-1.6337571627373606,-0.00642550597105747,-0.2757672232127305,-0.011152464362591758,394.0,1.5409184717916633,1.5656069578849154,0.4590815282083367,0.43439304211508456,2.0,2.0
0.796279877750427,0.9425835929529863,0.31001134343088343,-0.11238016700256132,-0.0529134699721575,0.5264751928585113,0.9168998247744139,0.4004143136366192,-0.5184271358778372,-0.4794769628127644,-0.5218359421410169,0.5272981130436534,1.224692315844108,-0.4797683243521142,-0.2695547735727324,-0.6937930916581927,1.176577067780686,0.41988184431867237,1.367236738096271,0.00047362188232613167,0.640836100184797,-4.618211893429756,-0.09575890598393022,-5.0683681642848,-0.007636187040156403,-0.03484706717655065,-0.0012518885757948125,393.0,1.5172752504319353,1.5570189620752921,0.48272474956806466,0.4429810379247079,2.0,2.0
0.751988871539409,0.9328909493472967,0.3414414344781553,-0.11146156350762117,-0.026618476812842688,0.5261735276783986,0.9889203202138525,0.16223503532502442,-0.5204699585934525,-0.5539933272266322,-0.5212378806365239,0.5259539811128212,1.22454038092483,-0.6047493541560401,-0.048700533569822846,-1.0903451883975777,1.5753960477384927,0.34379242578139463,0.49118502025995114,-0.004576922841198131,2.225721307894746,-4.915509145363346,-0.011944867821639681,0.7463140139766007,0.009984947253249995,-0.01308443043845756,-0.0018918353555807438,392.0,1.489666823311152,1.5500819450940964,0.5103331766888479,0.44991805490590364,2.0,2.0
0.7069532558904904,0.9243977935807259,0.3711247265049957,-0.08738412881763748,-0.010916530147468557,0.5263458378938898,1.0762079521311207,-0.12030132490288284,-0.5207275369534993,-0.5313684588809302,-0.5211464333464467,0.5262793391885977,1.2245549102594475,0.13141014254712002,0.07847620538336063,-0.5940500152893416,0.9862221861144052,2.08209904467768,-0.42413968474437813,0.0030858015787850047,1.2751263519602845,-6.364430541476538,-0.00136854318675465,0.19084642733719104,4.875369230427544e-05,0.007033419506405647,0.0005293079922627963,391.0,1.4757370546975757,1.5504310270441972,0.5242629453024243,0.4495689729558028,2.0,2.0
0.6663934411107677,0.9174148983638789,0.3966568615967176,-0.03143885866589442,-0.004983630606538203,0.5262887032889672,1.097487961769071,-0.3596334317593155,-0.5209119713767552,-0.5269730295173003,-0.5210198088153413,0.5262820321248236,1.224596908831025,0.17281426151576745,0.13635119876489976,-1.0354012656248155,1.1089126667729705,2.1884987117240633,-0.9804890281567726,-0.001363042329864393,-0.410173537143489,-3.234156867303857,-0.0024312754080361206,0.028516700989850947,0.001812639207698433,-0.0012345740314276066,0.0005120910413872573,390.0,1.4833002367833525,1.5560096519628073,0.5166997632166475,0.44399034803719273,2.0,2.0
0.6399047995126617,0.9107376739702016,0.41229414344601345,-0.023779458804390915,-0.002228414332095634,0.5260704862193611,1.0273767046795668,-0.5721250816457243,-0.5208463304232739,-0.5264482528602804,-0.5212618189958419,0.5260899222456838,1.2247148713476694,-0.5047889725513521,-0.06335625121413777,-0.18747693250321573,0.6745215043165116,-0.8472258063431815,0.12901039335557757,-0.0023133220997040693,-2.379509566535331,-1.1660660726601209,0.0010823065838495949,0.003075025730546614,-0.0039025892141071753,-0.0027639915507477993,0.0010924202232533604,389.0,1.4695935720194953,1.5545806982957464,0.5304064279805047,0.4454193017042536,2.0,2.0
0.6411692980661973,0.9045843126724395,0.4248533562808334,-0.03410898334928829,-0.00796392985400391,0.5263447247652324,1.0106809111114259,-0.5041428892710381,-0.5209232328897377,-0.5262116780990457,-0.606035735262691,0.5264043656885233,1.2244342159969892,-0.24036313412778496,-0.3329902950938646,0.7342721351179715,-0.1658762704886178,0.685797804338115,-0.07215235648568886,0.004281100898031667,1.6764937072135027,3.0695730793342886,-0.0013667267608033673,0.001387159387283028,-3.2299179787995262,0.006099730397582905,-0.0057517461681326505,388.0,1.449146365524139,1.5479497344564033,0.550853634475861,0.45205026554359673,2.0,2.0
0.6612366098427125,0.9063041468936405,0.4215174205411399,-0.030249787187365856,0.0045615653951206194,0.526430602490383,0.996587961081569,-0.5097898489466042,-0.52073738222331,-0.5252301140672959,-0.5882302654566178,0.5264291602740127,1.2246093403739144,-0.41225764626660294,-0.2594882337145605,0.06104351334088806,-0.13985508043202954,0.03960210473505538,0.901712140182854,0.000435926872028078,-2.208732222267443,-3.2457020383048336,0.002932019038435757,0.013947105894851701,3.8860617239870816,-0.0007508905839556284,0.0035557799245714552,387.0,1.432895080798461,1.5333725986423508,0.5671049192015389,0.46662740135764924,2.0,2.0
0.6561128121190085,0.9058609867942403,0.4221212797743579,-0.03198128943299027,0.014376887424857857,0.526424031478108,1.0078868824182836,-0.5099132997512328,-0.5207735731275984,-0.5240574531843966,-0.4867849867755747,0.5263053389384357,1.2246141033805553,-0.25292391259512925,-0.27885276542530446,-0.26052404180555166,0.1345125089933466,0.3223460570125805,0.0369899755107304,-0.00023734174868874795,2.619299771244214,2.1609096022203698,-0.0010361305783046133,0.013673742260664284,-0.7429682697387714,-0.0016974842235544748,-0.0005568754465163017,386.0,1.4171245927059177,1.5204405723301166,0.5828754072940823,0.47955942766988335,2.0,2.0
0.6308344193830699,0.9062277963295952,0.42132078538998013,-0.02397155089519135,0.02579421845405347,0.5263979384725579,1.0624736569110684,-0.5231756581084105,-0.5209796386972352,-0.525466432903635,-0.5161455150906687,0.5263721274084828,1.2245884180181994,-0.18716970801918337,-0.1859482443241633,-0.4129510368242808,0.06964087029650398,0.8018999586423694,-0.13366354588065543,0.00013532114131209445,-0.40314037305406714,-2.620984481786129,-0.003046653917610173,-0.020089134560386322,-0.3013768007256866,0.0023280965125114786,-0.0013189683540558216,385.0,1.4017081293284428,1.5063373848480655,0.5982918706715572,0.49366261515193455,2.0,2.0
0.6311641269648813,0.9038040248219602,0.42659427999894206,-0.02052418877602859,0.027099126607619962,0.5260773340659941,1.1064871896080284,-0.5377118610560818,-0.5208381037015333,-0.5261562691468257,-0.5209332521429161,0.5262007507574298,1.2244747180482511,-0.011052848754027763,-0.19176242960731135,0.06938286208451161,0.3007867864792517,-0.01884752704313197,0.008153854068674428,-0.004661235544104498,2.1320193919753474,0.3702217897458227,0.002649773418566416,-0.005580500981212733,-0.014878064189487419,-0.004096145366319828,-0.0009511509930229599,384.0,1.3993887301871115,1.497321628781227,0.6006112698128885,0.502678371218773,2.0,2.0
0.6323957693090172,0.9009617299750394,0.4325905302878076,-0.020305177633495475,0.02685319323599479,0.526226164094573,1.1001579585213253,-0.5268452570032731,-0.5207458234414116,-0.5259932412995783,-0.5217086372896885,0.5262404022511437,1.2246093855195348,0.016538286241469812,-0.15187758078877214,-0.007405397023563161,0.23613138587633878,0.00432855266250306,-0.026326719575128072,0.002971795154308735,-2.3478242668616964,0.08893956751024701,0.0008388420244464049,0.003382265128168491,-0.008488129630165304,0.0013265279913523117,0.0022607438460382294,383.0,1.3996649736698346,1.4887541420023727,0.6003350263301654,0.5112458579976273,2.0,2.0
0.631466876218294,0.8981938325315159,0.43838947737321204,-0.01948836324072349,0.026128701249529023,0.5260027815621617,1.010344015520327,-0.5251408777145061,-0.5209364123079085,-0.5252588956605244,-0.5217411936305484,0.5263254394448962,1.2245882982528948,0.03106678611859575,-0.16841888110193315,-0.02905559152256105,0.27527569149537007,0.012586146704087128,-0.047293488113292974,-0.0037510244643547807,-1.2537632200075177,0.008348366554813441,-0.0028893697988609194,0.009967518698722847,0.001060531103567147,0.0009827294311203169,-0.0006539168767807339,382.0,1.400918060791547,1.480854119585149,0.599081939208453,0.519145880414851,2.0,2.0
0.6297082883279373,0.8952354751504157,0.44447673902792617,-0.018564824812626057,0.025479791502030127,0.5262994646668934,0.9197272259066943,-0.5251341016353789,-0.5207484055194457,-0.5254973817566729,-0.5216710017031365,0.5264677094660091,1.2246247074805785,0.030922645686281176,-0.16973255235801119,-0.03579637342693409,0.2709357002047145,0.013221540100647366,-0.04028274893241623,0.00493998179986004,-2.361596722646608,-0.0014120547208024987,0.0032212317904335023,-0.005258174047463106,0.0008322414479704666,0.0018837607708699503,0.0006198714603815527,381.0,1.4024806932536387,1.4723644115269898,0.5975193067463613,0.5276355884730102,2.0,2.0
0.6277121662806511,0.8917530459195789,0.4515030252973553,-0.017443713622690496,0.02484431716788701,0.5264113433383429,0.8624358348064995,-0.5249009248959938,-0.5208708974735813,-0.5258672380156466,-0.5223532098800004,0.5264788139337715,1.2245400093818075,0.03966143821518469,-0.22472407805352915,-0.04759629340014177,0.36273734261115653,0.020279005332323463,-0.05348142388000369,0.000714571800236201,0.05004257353928265,0.003608155511428077,-0.0023426552508516558,-0.004347986118086112,-0.009980461195633068,-0.000201295114496232,-0.0013054993437187621,380.0,1.404185456519902,1.462527119213441,0.5958145434800981,0.537472880786559,2.0,2.0
0.6252928512404771,0.8881487554158981,0.4586330339406934,-0.01641935510653888,0.02404024145951513,0.5264080789843574,0.7436807049228065,-0.5256531736401466,-0.5207148130596069,-0.5261261015361032,-0.5216707146688355,0.5265155338973736,1.2246465621921263,0.03190174098271874,-0.1671231948734236,-0.040886263258895564,0.26977103302677247,0.010676539663594064,-0.041173224805002843,-0.00018132830723373086,-4.760539059987267,-0.011459031771062639,0.002667252798390554,-0.0029546138391419677,0.011656177767422459,0.0005993547859654675,0.0017304534896433479,379.0,1.4060542265276714,1.4526289698167942,0.5939457734723286,0.5473710301832058,2.0,2.0
0.6239672459183554,0.8850312433310503,0.464678119113489,-0.015585405998973425,0.023474221284052875,0.5264497494468933,0.46409011449816034,-0.5258401253363428,-0.520676189822612,-0.5262828929529489,-0.5211188213486402,0.5265062933121417,1.2246746025038249,0.014378508348489584,-0.21592002376896502,0.009121786132534167,0.5786897360393501,0.03140219283728422,-0.059995926254899974,0.0006506095831528789,-1.4775577733693384,-0.0005893487133331538,-9.893680715418075e-05,-0.0012338719445262993,0.006328170059204923,-0.0008166341467059446,-6.4255628967233806e-06,378.0,1.4072894931639837,1.4453432991800936,0.5927105068360163,0.5546567008199064,2.0,2.0
0.6170288912617404,0.8762870942933462,0.4810995391335748,-0.011488705319006521,0.023068841983929576,0.526497936207164,0.49976950014329763,-0.5257077711612848,-0.5207741063588852,-0.5257305610504028,-0.5209298818129916,0.526525160589699,1.2246889913016794,0.08857032731221931,-0.30062127525413074,-0.1588512118920132,0.6307479746059199,0.13567658787354736,-0.11559264488325538,0.00046724273063587156,0.7801522383113177,0.0019608613544868526,-0.0013503990968407962,0.0074846058837854355,0.0020037901236969135,0.001313762853166454,0.0002544855274536151,377.0,1.4102282998858084,1.4326118304818707,0.5897717001141916,0.5673881695181293,2.0,2.0
0.6118263755128477,0.8690555949914626,0.49413048205835963,-0.009450904480581102,0.02209343611362931,0.5264864536706434,0.5183696591457029,-0.5258809009227372,-0.520735663887261,-0.5260783499956649,-0.5209911689126573,0.5265417465868741,1.2246967491729173,0.05692890820761713,-0.37211070250661743,-0.10176928483447324,0.6166304816216729,0.02025487329317762,-0.07611397369919366,-0.00020836566311041723,0.12570050302191696,-0.002810740633055497,0.0007932331331116689,-0.006311491097080909,-0.0013172924082382543,-0.00015077472974653051,-5.651372984813456e-05,376.0,1.4133232518595205,1.4155049586486932,0.5866767481404795,0.5844950413513068,2.0,2.0
0.6057475379588186,0.8608165958310975,0.5084483724526473,-0.007355068353872233,0.020516916472142266,0.5264890982879966,0.5213656611679942,-0.5260370902002149,-0.5207416376202658,-0.5261828826189086,-0.520752375693836,0.5264617558361129,1.2246977725755985,0.07850350528863394,-0.4214275241929595,-0.14236566981211732,0.70986363350017,0.03260481300411526,-0.10934608824755862,7.177523764075527e-05,0.02024313124040349,-0.0017377106568235328,-0.00023057557506684924,-0.0003547929537470956,0.003686090952642527,-0.00111000183549751,1.9038991143573268e-05,375.0,1.4167421820727801,1.3957323415733347,0.5832578179272199,0.6042676584266653,2.0,2.0
0.5976789906262678,0.8509817179254321,0.5248487256999685,-0.0046223183098954195,0.01850851320992176,0.526484275085524,0.5214664276426314,-0.5258825521634621,-0.5207506586857391,-0.525964553050128,-0.5207206110766849,0.5264316995876833,1.2246975082250937,0.09176216523409615,-0.48430351125111604,-0.1827708554355099,0.8263574776678284,0.040144958285427,-0.1304235477552354,-8.412721347446323e-05,-0.0022212306282419865,0.002531471042657737,-8.779779824434448e-05,0.0032123701285919756,-0.0002227917782596514,-0.0002383819457799488,9.89426468188215e-06,374.0,1.421019052923224,1.3731401083461077,0.5789809470767759,0.6268598916538923,2.0,2.0
0.587166501615253,0.8391119459753336,0.543713882398996,-0.0014884753316537066,0.01625240441555691,0.5264673144820853,0.5222816182878885,-0.5254802427366637,-0.5208138904020924,-0.526195396701905,-0.5206843882481479,0.5264642664080363,1.22470509274802,0.10468149848451722,-0.5565673884211618,-0.23779031399486736,0.9645233354937941,0.04657353137166951,-0.14853259629426316,-0.0002259335520673728,0.012108655826128259,0.005320746135413952,-0.0008927541659623994,-0.003911730997438821,0.0005631322537323899,0.000516833107407873,9.216819675696662e-05,373.0,1.4259173119921504,1.347132385905244,0.5740826880078496,0.652867614094756,2.0,2.0
0.573657166626272,0.8247052475982101,0.5653945510644396,0.0021565952832665832,0.013623703879654555,0.5264792061752607,0.5218309273606792,-0.5257546407697241,-0.5206902900855104,-0.5264411617198773,-0.5206417307602289,0.5263175790658562,1.2247085581734638,0.11965488437137665,-0.6353076570088714,-0.3059958413194566,1.1270993187471594,0.05426535167930897,-0.17372368105153638,0.00021402147657343876,-0.008666403652876084,-0.004903879785393742,0.0019366450102754095,-0.0028097507361907696,0.0005066728592036567,-0.002207246431406381,3.097294286254154e-05,372.0,1.4315116522383076,1.3173784227434417,0.5684883477616924,0.6826215772565583,2.0,2.0
0.5562536518363324,0.8071156424838267,0.5902652473621344,0.006470420539025085,0.010459974784205716,0.5264130528842471,0.5216422541852591,-0.5256503003163928,-0.5206700339353785,-0.5263573227961313,-0.520625066581527,0.5261528080082313,1.2247095843470825,0.13629938037002629,-0.721121449373084,-0.395663604510164,1.3186021979073295,0.06353462587879666,-0.20586306258325926,-0.0009883883574618364,-0.0011402132853909576,0.0023850709953270204,-5.889742099724252e-05,0.0017340509675221269,0.00012786932244025128,-0.00198403013409277,2.462234850440749e-05,371.0,1.437913710394426,1.2834883828512127,0.562086289605574,0.7165116171487873,2.0,2.0
0.5335653503252781,0.7855951747617542,0.6185967622808224,0.011536724057898328,0.006720943739151237,0.5264420120727262,0.5221479966976842,-0.5253974444188625,-0.520640671718807,-0.526313629389872,-0.5206324720523737,0.5263748313704465,1.2247125632621516,0.15318142426578316,-0.8101860857263549,-0.515489730292341,1.540569200777142,0.07464033551608878,-0.24140803911410666,0.0005955189938503811,0.0074682013533573215,0.003197101329735049,0.00043271418040241843,0.00032300469449934746,-0.00013882336788400928,0.003537353952978778,3.9182810170044854e-05,370.0,1.445151942132622,1.2452073528927818,0.554848057867378,0.7547926471072182,2.0,2.0
0.5042127656595736,0.759117351173995,0.6507164296328408,0.01741831126470176,0.002361733505659983,0.5264897569760002,0.5222916027997296,-0.5257190955351122,-0.5206459888136606,-0.5262155442576439,-0.520614895297464,0.5262789488028651,1.224713814319644,0.16981089297590404,-0.8975215896522223,-0.66655972923806,1.8017325540341527,0.08705542201190866,-0.2811871879741456,0.0005803191694070985,0.0007060111305389656,-0.005200258063642142,-0.00015253780671328407,0.001387901660669759,0.0002535370152886924,-0.0020467040139801745,2.7126753853909395e-05,369.0,1.4532320109505812,1.2024894558614292,0.5467679890494188,0.7975105441385708,2.0,2.0
0.4660322117041756,0.726488507159272,0.6867474860986236,0.024188762867327608,-0.0026912921917793394,0.5264520464330789,0.5227244180703186,-0.5255586571625288,-0.5206392895272368,-0.5263147067653383,-0.5206099603921639,0.5262606313903623,1.2247115358146996,0.18639990185368763,-0.9704767273372665,-0.8696022439643429,2.096244676846092,0.10196373306584307,-0.34097536822687674,-0.0006178630888753653,0.005838537505694779,0.003263349809412983,0.0001363384679874826,-0.0016177455580755158,-4.728097979677902e-05,-1.4907708532879244e-05,-5.442994055114748e-05,368.0,1.4620731033421266,1.1557373558216029,0.5379268966578734,0.8442626441783971,2.0,2.0
0.416843743204147,0.6861736520015744,0.7266770411839484,0.03210836086092323,-0.008674691797934607,0.5264795145719935,0.5226797316211231,-0.5258081285154449,-0.5206285520189411,-0.526227284929247,-0.5206123583828116,0.5264157081671209,1.2247156569233855,0.19536054605461636,-1.0252604541447472,-1.1065591795405019,2.457557157707396,0.11766405865337559,-0.3905276706359997,0.0005154858685850625,-0.001327617281795869,-0.004172394014579019,0.0001330383723641073,0.0015809107967973584,-4.55328975636927e-05,0.0021865415584288866,5.4589891945744825e-05,367.0,1.4715138085396091,1.1056350282535274,0.5284861914603909,0.8943649717464726,2.0,2.0
0.37498053531170555,0.6372775586529723,0.7698361791293857,0.0342206627334592,-0.007649626321500224,0.5264808804405234,0.5222074302587391,-0.5256648868493828,-0.5206268776540491,-0.5263851115741807,-0.5206228794523311,0.5264226031045202,1.2247106307926605,-0.2045287621920301,-1.0365115441452606,-0.3123578426559196,2.699829165573906,0.2862888696386854,0.6473177537575291,-1.3613439345092852e-05,-0.00651425617115245,0.002840358358917537,3.599548037439757e-05,-0.002393409652731416,-0.0001776970492221261,-0.0005439783593918602,-0.00015036288047870052,366.0,1.4737929497636055,1.05405937587513,0.5262070502363945,0.94594062412487,2.0,2.0
0.35630087772734037,0.581630102065778,0.8130267599161684,0.025727805197206077,0.0056561533664148764,0.5264657609034817,0.5230082814107496,-0.5260265879716327,-0.520618114250302,-0.5257227562483358,-0.5206201331722385,0.5263397185341563,1.224712791635322,-0.1904235961947593,-1.043711132173936,-0.4925109828620358,2.894985380099392,0.27674325655808285,0.6157840167076449,-0.00017448754999697298,0.01170755685170136,-0.00568395692114779,0.00012454048505391757,0.009970513713977378,3.536366385692132e-05,-0.0011888112095603176,7.0261414758448e-05,365.0,1.4634564405929078,1.001961793560907,0.5365435594070922,0.9980382064390929,2.0,2.0
0.32986179515688707,0.5183838193973251,0.854799936090244,0.019128435942303297,0.015145559928814537,0.5264656530167823,0.5226881689304324,-0.526088880523996,-0.5206172277444236,-0.5257854268395542,-0.5206142693182222,0.5264483857084987,1.2247150824838124,0.00894447548360612,-1.0852043875931194,-0.3582192975309366,3.176870758448365,-0.0528444369141694,0.10394246631760937,0.00026873803695026384,-0.0030429778173490917,0.0004483021330960033,-9.009946002883626e-06,-0.0029894167978924964,0.0003251530757796639,0.0015460141416772798,6.196401895789364e-05,364.0,1.456359876794373,0.9493911228187956,0.5436401232056269,1.0506088771812045,2.0,2.0
0.3068863970942568,0.44539807354475264,0.8950922452745858,0.018580433367100146,0.00923016943587751,0.5264697244803004,0.5827835309030261,-0.5261153401053484,-0.5206171590732805,-0.5255577740458123,-0.520610471204388,0.5264041953465933,1.2247157500972439,0.08642125519587021,-1.1469307907274822,-0.6113141122948508,3.5239200344198065,-0.23159468231563243,-0.0718657867185952,-0.00010050241602057181,2.3862923798282933,-0.0005765213536748101,-2.6679026655710936e-05,0.0039600138087203356,-4.689391585444554e-05,-0.0008188621309885158,-5.364906335550653e-05,363.0,1.45974080897719,0.8931157002591461,0.5402591910228101,1.106884299740854,2.0,2.0
0.2743689811359447,0.3630831737962422,0.9315231488714124,0.019429837173570837,0.007596936892247115,0.5265221982729826,0.6002654322526467,-0.5260524757728392,-0.5206313247602768,-0.5256877992337895,-0.5206127973512952,0.5264822163897052,1.2247123464170668,0.040609326172787036,-1.0136463012239008,-0.7136272119780984,3.6508513702435303,0.0073909042905036665,0.0002929658218880464,0.0008780318221782472,-1.6526280984927193,0.001086368840668942,-0.00016241179096053058,-0.002654012185253363,4.07395141926419e-05,0.001131553533646614,2.9480448898629988e-05,362.0,1.4620820480598784,0.8392126413749181,0.5379179519401216,1.1607873586250819,2.0,2.0
